company_id,metric_type,period_years,value_pct,computed_value_pct,divergence_pct,status
HDFCBANK,compounded_sales_growth,10,21.0,20.887964823195592,0.11203517680440811,PASS
HDFCBANK,compounded_profit_growth,10,22.0,22.263903320427715,0.26390332042771547,PASS
HDFCBANK,stock_price_cagr,10,15.0,,,NOT_COMPARABLE
HDFCBANK,roe,10,17.0,14.33974005030719,2.6602599496928097,PASS
SBILIFE,compounded_sales_growth,5,24.0,24.231614182367544,0.23161418236754372,PASS
SBILIFE,compounded_profit_growth,5,6.0,7.374662152227485,1.3746621522274847,PASS
SBILIFE,stock_price_cagr,5,8.0,,,NOT_COMPARABLE
SBILIFE,roe,5,14.0,12.704588140595655,1.2954118594043447,PASS
SBILIFE,compounded_sales_growth,3,17.0,17.235877577119997,0.23587757711999657,PASS
SBILIFE,compounded_profit_growth,3,9.0,9.162347526806492,0.16234752680649223,PASS
SBILIFE,stock_price_cagr,3,7.0,,,NOT_COMPARABLE
SBILIFE,roe,3,13.0,12.704588140595655,0.29541185940434467,PASS
TCS,compounded_sales_growth,10,11.0,11.404391189817975,0.40439118981797506,PASS
TCS,compounded_profit_growth,10,9.0,9.07908137484088,0.07908137484088051,PASS
TCS,stock_price_cagr,10,14.0,,,NOT_COMPARABLE
TCS,roe,10,40.0,50.944313673485176,10.944313673485176,REVIEW
TCS,compounded_sales_growth,5,10.0,10.463614801716602,0.4636148017166022,PASS
TCS,compounded_profit_growth,5,8.0,7.871172131953608,0.12882786804639235,PASS
TCS,stock_price_cagr,5,16.0,,,NOT_COMPARABLE
TCS,roe,5,44.0,50.944313673485176,6.944313673485176,REVIEW
TCS,compounded_sales_growth,3,14.0,13.632864555506409,0.3671354444935915,PASS
TCS,compounded_profit_growth,3,12.0,12.286310199806593,0.2863101998065929,PASS
TCS,stock_price_cagr,3,8.0,,,NOT_COMPARABLE
TCS,roe,3,47.0,50.944313673485176,3.9443136734851763,PASS
TCS,stock_price_cagr,1,16.0,,,NOT_COMPARABLE
WIPRO,compounded_sales_growth,10,8.0,7.531400415089795,0.4685995849102049,PASS
WIPRO,compounded_profit_growth,10,3.0,3.352053540077038,0.35205354007703793,PASS
WIPRO,stock_price_cagr,10,12.0,,,NOT_COMPARABLE
WIPRO,roe,10,18.0,14.908832329303797,3.091167670696203,PASS
WIPRO,compounded_sales_growth,5,9.0,8.747228996316725,0.2527710036832751,PASS
WIPRO,compounded_profit_growth,5,4.0,4.26448450032566,0.2644845003256604,PASS
WIPRO,stock_price_cagr,5,20.0,,,NOT_COMPARABLE
WIPRO,roe,5,17.0,14.908832329303797,2.091167670696203,PASS
WIPRO,compounded_sales_growth,3,13.0,13.165896258558462,0.1658962585584618,PASS
WIPRO,compounded_profit_growth,3,0.0,0.7428426173168301,0.7428426173168301,PASS
WIPRO,roe,3,17.0,14.908832329303797,2.091167670696203,PASS
HDFCBANK,compounded_sales_growth,5,22.0,21.95098428169122,0.049015718308780265,PASS
HDFCBANK,compounded_profit_growth,5,23.0,23.865063572879073,0.8650635728790732,PASS
HDFCBANK,stock_price_cagr,5,8.0,,,NOT_COMPARABLE
HDFCBANK,roe,5,17.0,14.33974005030719,2.6602599496928097,PASS
WIPRO,stock_price_cagr,1,39.0,,,NOT_COMPARABLE
HDFCBANK,compounded_sales_growth,3,30.0,30.186956140948773,0.186956140948773,PASS
HDFCBANK,compounded_profit_growth,3,26.0,27.12356908487252,1.1235690848725213,PASS
HDFCBANK,stock_price_cagr,3,8.0,,,NOT_COMPARABLE
HDFCBANK,roe,3,17.0,14.33974005030719,2.6602599496928097,PASS
HDFCBANK,stock_price_cagr,1,13.0,,,NOT_COMPARABLE
INFY,compounded_sales_growth,10,12.0,11.852717458931128,0.14728254106887206,PASS
INFY,compounded_profit_growth,10,9.0,9.433477603192465,0.43347760319246476,PASS
INFY,stock_price_cagr,10,15.0,,,NOT_COMPARABLE
INFY,roe,10,27.0,29.788006718416632,2.788006718416632,PASS
INFY,compounded_sales_growth,5,13.0,13.199100930556229,0.19910093055622902,PASS
INFY,compounded_profit_growth,5,11.0,11.239419983657939,0.23941998365793893,PASS
INFY,stock_price_cagr,5,22.0,,,NOT_COMPARABLE
INFY,roe,5,29.0,29.788006718416632,0.7880067184166322,PASS
INFY,compounded_sales_growth,3,5.0,15.216500798806365,10.216500798806365,REVIEW
INFY,compounded_profit_growth,3,10.0,10.558796476740762,0.5587964767407616,PASS
INFY,stock_price_cagr,3,4.0,,,NOT_COMPARABLE
INFY,roe,3,31.0,29.788006718416632,1.2119932815833678,PASS
INFY,stock_price_cagr,1,27.0,,,NOT_COMPARABLE
SBILIFE,compounded_sales_growth,10,23.0,22.56159335451695,0.43840664548304886,PASS
SBILIFE,compounded_profit_growth,10,9.0,10.03348279743188,1.0334827974318799,PASS
SBILIFE,stock_price_cagr,10,9.0,,,NOT_COMPARABLE
SBILIFE,roe,10,16.0,12.704588140595655,3.2954118594043447,PASS
HAL,compounded_sales_growth,10,12.0,7.216583450874392,4.783416549125608,PASS
HAL,compounded_sales_growth,5,15.0,8.712548590236358,6.2874514097636425,REVIEW
HAL,compounded_sales_growth,3,14.0,9.909701355201484,4.090298644798516,PASS
HAL,compounded_profit_growth,10,14.0,10.924924675843673,3.0750753241563267,PASS
HAL,compounded_profit_growth,5,18.0,26.485270563052985,8.485270563052985,REVIEW
HAL,compounded_profit_growth,3,16.0,32.85327865470051,16.85327865470051,REVIEW
HAL,stock_price_cagr,10,15.0,,,NOT_COMPARABLE
HAL,stock_price_cagr,5,20.0,,,NOT_COMPARABLE
HAL,stock_price_cagr,3,18.0,,,NOT_COMPARABLE
HAL,roe,10,18.0,3816.5829145728644,3798.5829145728644,REVIEW
HAL,roe,5,20.0,3816.5829145728644,3796.5829145728644,REVIEW
HAL,roe,3,22.0,3816.5829145728644,3794.5829145728644,REVIEW
HCLTECH,compounded_sales_growth,10,12.0,13.082373204583831,1.0823732045838312,PASS
HCLTECH,compounded_sales_growth,5,15.0,12.710299978373406,2.2897000216265937,PASS
HCLTECH,compounded_sales_growth,3,14.0,13.396477329776978,0.6035226702230219,PASS
HCLTECH,compounded_profit_growth,10,14.0,9.179123626035102,4.820876373964898,PASS
HCLTECH,compounded_profit_growth,5,18.0,9.194090295112023,8.805909704887977,REVIEW
HCLTECH,compounded_profit_growth,3,16.0,12.043662852781601,3.956337147218399,PASS
HCLTECH,stock_price_cagr,10,15.0,,,NOT_COMPARABLE
HCLTECH,stock_price_cagr,5,20.0,,,NOT_COMPARABLE
HCLTECH,stock_price_cagr,3,18.0,,,NOT_COMPARABLE
HCLTECH,roe,10,18.0,23.01393141233172,5.0139314123317185,REVIEW
HCLTECH,roe,5,20.0,23.01393141233172,3.0139314123317185,PASS
HCLTECH,roe,3,22.0,23.01393141233172,1.0139314123317185,PASS
BOSCHLTD,compounded_sales_growth,10,12.0,,,NOT_COMPARABLE
BOSCHLTD,compounded_sales_growth,5,15.0,6.717165240230294,8.282834759769706,REVIEW
BOSCHLTD,compounded_sales_growth,3,14.0,19.843289373663996,5.843289373663996,REVIEW
BOSCHLTD,compounded_profit_growth,10,14.0,,,NOT_COMPARABLE
BOSCHLTD,compounded_profit_growth,5,18.0,9.275930793686072,8.724069206313928,REVIEW
BOSCHLTD,compounded_profit_growth,3,16.0,72.86912600423906,56.869126004239064,REVIEW
BOSCHLTD,stock_price_cagr,10,15.0,,,NOT_COMPARABLE
BOSCHLTD,stock_price_cagr,5,20.0,,,NOT_COMPARABLE
BOSCHLTD,stock_price_cagr,3,18.0,,,NOT_COMPARABLE
BOSCHLTD,roe,10,18.0,20.639920424403183,2.639920424403183,PASS
BOSCHLTD,roe,5,20.0,20.639920424403183,0.6399204244031829,PASS
BOSCHLTD,roe,3,22.0,20.639920424403183,1.3600795755968171,PASS
TMPV,compounded_sales_growth,10,12.0,,,NOT_COMPARABLE
TMPV,compounded_sales_growth,5,15.0,,,NOT_COMPARABLE
TMPV,compounded_sales_growth,3,14.0,-7.627943466078923,21.627943466078925,REVIEW
TMPV,compounded_profit_growth,10,14.0,,,NOT_COMPARABLE
TMPV,compounded_profit_growth,5,18.0,,,NOT_COMPARABLE
TMPV,compounded_profit_growth,3,16.0,11.577469975455234,4.422530024544766,PASS
TMPV,stock_price_cagr,10,15.0,,,NOT_COMPARABLE
TMPV,stock_price_cagr,5,20.0,,,NOT_COMPARABLE
TMPV,stock_price_cagr,3,18.0,,,NOT_COMPARABLE
TMPV,roe,10,18.0,36.350425754494466,18.350425754494466,REVIEW
TMPV,roe,5,20.0,36.350425754494466,16.350425754494466,REVIEW
TMPV,roe,3,22.0,36.350425754494466,14.350425754494466,REVIEW
ADANIENT,compounded_sales_growth,10,12.0,5.78467705445147,6.21532294554853,REVIEW
ADANIENT,compounded_sales_growth,5,15.0,19.015414753081238,4.015414753081238,PASS
ADANIENT,compounded_sales_growth,3,14.0,34.60338228109774,20.603382281097737,REVIEW
ADANIENT,compounded_profit_growth,10,14.0,2.3412223540726584,11.65877764592734,REVIEW
ADANIENT,compounded_profit_growth,5,18.0,45.81058899665285,27.810588996652847,REVIEW
ADANIENT,compounded_profit_growth,3,16.0,47.182006037517255,31.182006037517255,REVIEW
ADANIENT,stock_price_cagr,10,15.0,,,NOT_COMPARABLE
ADANIENT,stock_price_cagr,5,20.0,,,NOT_COMPARABLE
ADANIENT,stock_price_cagr,3,18.0,,,NOT_COMPARABLE
ADANIENT,roe,10,18.0,8.534650424813185,9.465349575186815,REVIEW
ADANIENT,roe,5,20.0,8.534650424813185,11.465349575186815,REVIEW
ADANIENT,roe,3,22.0,8.534650424813185,13.465349575186815,REVIEW
CANBK,compounded_sales_growth,10,12.0,10.817178802179583,1.1828211978204166,PASS
CANBK,compounded_sales_growth,5,15.0,18.17561078322378,3.1756107832237817,PASS
CANBK,compounded_sales_growth,3,14.0,16.302939300232524,2.3029393002325236,PASS
CANBK,compounded_profit_growth,10,14.0,19.14374492187123,5.143744921871232,REVIEW
CANBK,compounded_profit_growth,5,18.0,85.7752850068174,67.7752850068174,REVIEW
CANBK,compounded_profit_growth,3,16.0,73.3401622666352,57.340162266635204,REVIEW
CANBK,stock_price_cagr,10,15.0,,,NOT_COMPARABLE
CANBK,stock_price_cagr,5,20.0,,,NOT_COMPARABLE
CANBK,stock_price_cagr,3,18.0,,,NOT_COMPARABLE
CANBK,roe,10,18.0,16.716051794688113,1.2839482053118871,PASS
CANBK,roe,5,20.0,16.716051794688113,3.283948205311887,PASS
CANBK,roe,3,22.0,16.716051794688113,5.283948205311887,REVIEW
ADANIPORTS,compounded_sales_growth,10,12.0,18.65179197239284,6.651791972392839,REVIEW
ADANIPORTS,compounded_sales_growth,5,15.0,19.57867595245697,4.578675952456969,PASS
ADANIPORTS,compounded_sales_growth,3,14.0,28.631936311849437,14.631936311849437,REVIEW
ADANIPORTS,compounded_profit_growth,10,14.0,16.624572854327614,2.6245728543276137,PASS
ADANIPORTS,compounded_profit_growth,5,18.0,14.909565182041629,3.0904348179583714,PASS
ADANIPORTS,compounded_profit_growth,3,16.0,17.084126579285687,1.0841265792856873,PASS
ADANIPORTS,stock_price_cagr,10,15.0,,,NOT_COMPARABLE
ADANIPORTS,stock_price_cagr,5,20.0,,,NOT_COMPARABLE
ADANIPORTS,stock_price_cagr,3,18.0,,,NOT_COMPARABLE
ADANIPORTS,roe,10,18.0,15.3548827162833,2.6451172837167007,PASS
ADANIPORTS,roe,5,20.0,15.3548827162833,4.645117283716701,PASS
ADANIPORTS,roe,3,22.0,15.3548827162833,6.645117283716701,REVIEW
TVSMOTOR,compounded_sales_growth,10,12.0,16.660142551691372,4.660142551691372,PASS
TVSMOTOR,compounded_sales_growth,5,15.0,14.192387704277065,0.8076122957229348,PASS
TVSMOTOR,compounded_sales_growth,3,14.0,26.31887127852206,12.31887127852206,REVIEW
TVSMOTOR,compounded_profit_growth,10,14.0,25.266064731460137,11.266064731460137,REVIEW
TVSMOTOR,compounded_profit_growth,5,18.0,19.665122106676503,1.6651221066765025,PASS
TVSMOTOR,compounded_profit_growth,3,16.0,43.02900681569186,27.029006815691858,REVIEW
TVSMOTOR,stock_price_cagr,10,15.0,,,NOT_COMPARABLE
TVSMOTOR,stock_price_cagr,5,20.0,,,NOT_COMPARABLE
TVSMOTOR,stock_price_cagr,3,18.0,,,NOT_COMPARABLE
TVSMOTOR,roe,10,18.0,26.223466981132077,8.223466981132077,REVIEW
TVSMOTOR,roe,5,20.0,26.223466981132077,6.223466981132077,REVIEW
TVSMOTOR,roe,3,22.0,26.223466981132077,4.223466981132077,PASS
AMBUJACEM,compounded_sales_growth,10,12.0,12.786553484793739,0.786553484793739,PASS
AMBUJACEM,compounded_sales_growth,5,15.0,4.115700788754739,10.88429921124526,REVIEW
AMBUJACEM,compounded_sales_growth,3,14.0,4.611716860010384,9.388283139989616,REVIEW
AMBUJACEM,compounded_profit_growth,10,14.0,12.286723339088713,1.713276660911287,PASS
AMBUJACEM,compounded_profit_growth,5,18.0,11.228574154296279,6.771425845703721,REVIEW
AMBUJACEM,compounded_profit_growth,3,16.0,8.484585512022203,7.515414487977797,REVIEW
AMBUJACEM,stock_price_cagr,10,15.0,,,NOT_COMPARABLE
AMBUJACEM,stock_price_cagr,5,20.0,,,NOT_COMPARABLE
AMBUJACEM,stock_price_cagr,3,18.0,,,NOT_COMPARABLE
AMBUJACEM,roe,10,18.0,11.428984947896565,6.571015052103435,REVIEW
AMBUJACEM,roe,5,20.0,11.428984947896565,8.571015052103435,REVIEW
AMBUJACEM,roe,3,22.0,11.428984947896565,10.571015052103435,REVIEW
HYUNDAI,compounded_sales_growth,10,12.0,,,NOT_COMPARABLE
HYUNDAI,compounded_sales_growth,5,15.0,,,NOT_COMPARABLE
HYUNDAI,compounded_sales_growth,3,14.0,-15.357945426696872,29.357945426696872,REVIEW
HYUNDAI,compounded_profit_growth,10,14.0,,,NOT_COMPARABLE
HYUNDAI,compounded_profit_growth,5,18.0,,,NOT_COMPARABLE
HYUNDAI,compounded_profit_growth,3,16.0,-12.445823426022862,28.445823426022862,REVIEW
HYUNDAI,stock_price_cagr,10,15.0,,,NOT_COMPARABLE
HYUNDAI,stock_price_cagr,5,20.0,,,NOT_COMPARABLE
HYUNDAI,stock_price_cagr,3,18.0,,,NOT_COMPARABLE
HYUNDAI,roe,10,18.0,24.788053128936934,6.788053128936934,REVIEW
HYUNDAI,roe,5,20.0,24.788053128936934,4.788053128936934,PASS
HYUNDAI,roe,3,22.0,24.788053128936934,2.7880531289369337,PASS
JSWSTEEL,compounded_sales_growth,10,12.0,13.073630495009247,1.0736304950092475,PASS
JSWSTEEL,compounded_sales_growth,5,15.0,15.604695052452788,0.6046950524527883,PASS
JSWSTEEL,compounded_sales_growth,3,14.0,29.901036567598815,15.901036567598815,REVIEW
JSWSTEEL,compounded_profit_growth,10,14.0,36.417837709582315,22.417837709582315,REVIEW
JSWSTEEL,compounded_profit_growth,5,18.0,3.585216043903361,14.414783956096638,REVIEW
JSWSTEEL,compounded_profit_growth,3,16.0,4.455778963004109,11.544221036995891,REVIEW
JSWSTEEL,stock_price_cagr,10,15.0,,,NOT_COMPARABLE
JSWSTEEL,stock_price_cagr,5,20.0,,,NOT_COMPARABLE
JSWSTEEL,stock_price_cagr,3,18.0,,,NOT_COMPARABLE
JSWSTEEL,roe,10,18.0,11.5528718021347,6.4471281978653,REVIEW
JSWSTEEL,roe,5,20.0,11.5528718021347,8.4471281978653,REVIEW
JSWSTEEL,roe,3,22.0,11.5528718021347,10.4471281978653,REVIEW
TATASTEEL,compounded_sales_growth,10,12.0,4.426324799674042,7.573675200325958,REVIEW
TATASTEEL,compounded_sales_growth,5,15.0,7.766224835881497,7.233775164118503,REVIEW
TATASTEEL,compounded_sales_growth,3,14.0,13.607181258352963,0.39281874164703723,PASS
TATASTEEL,compounded_profit_growth,10,14.0,,,NOT_COMPARABLE
TATASTEEL,compounded_profit_growth,5,18.0,,,NOT_COMPARABLE
TATASTEEL,compounded_profit_growth,3,16.0,,,NOT_COMPARABLE
TATASTEEL,stock_price_cagr,10,15.0,,,NOT_COMPARABLE
TATASTEEL,stock_price_cagr,5,20.0,,,NOT_COMPARABLE
TATASTEEL,stock_price_cagr,3,18.0,,,NOT_COMPARABLE
TATASTEEL,roe,10,18.0,-5.334926929972293,23.334926929972294,REVIEW
TATASTEEL,roe,5,20.0,-5.334926929972293,25.334926929972294,REVIEW
TATASTEEL,roe,3,22.0,-5.334926929972293,27.334926929972294,REVIEW
PIDILITIND,compounded_sales_growth,10,12.0,11.200766251991956,0.799233748008044,PASS
PIDILITIND,compounded_sales_growth,5,15.0,11.836370175898114,3.1636298241018856,PASS
PIDILITIND,compounded_sales_growth,3,14.0,19.2998469335665,5.299846933566499,REVIEW
PIDILITIND,compounded_profit_growth,10,14.0,14.527040733688779,0.5270407336887786,PASS
PIDILITIND,compounded_profit_growth,5,18.0,13.48774998597666,4.512250014023341,PASS
PIDILITIND,compounded_profit_growth,3,16.0,15.76701574818362,0.23298425181637938,PASS
PIDILITIND,stock_price_cagr,10,15.0,,,NOT_COMPARABLE
PIDILITIND,stock_price_cagr,5,20.0,,,NOT_COMPARABLE
PIDILITIND,stock_price_cagr,3,18.0,,,NOT_COMPARABLE
PIDILITIND,roe,10,18.0,20.780302129178065,2.7803021291780645,PASS
PIDILITIND,roe,5,20.0,20.780302129178065,0.7803021291780645,PASS
PIDILITIND,roe,3,22.0,20.780302129178065,1.2196978708219355,PASS
LTM,compounded_sales_growth,10,12.0,,,NOT_COMPARABLE
LTM,compounded_sales_growth,5,15.0,,,NOT_COMPARABLE
LTM,compounded_sales_growth,3,14.0,2.8422148152114524,11.157785184788548,REVIEW
LTM,compounded_profit_growth,10,14.0,,,NOT_COMPARABLE
LTM,compounded_profit_growth,5,18.0,,,NOT_COMPARABLE
LTM,compounded_profit_growth,3,16.0,-2.1687621569700277,18.16876215697003,REVIEW
LTM,stock_price_cagr,10,15.0,,,NOT_COMPARABLE
LTM,stock_price_cagr,5,20.0,,,NOT_COMPARABLE
LTM,stock_price_cagr,3,18.0,,,NOT_COMPARABLE
LTM,roe,10,18.0,36.995052172635084,18.995052172635084,REVIEW
LTM,roe,5,20.0,36.995052172635084,16.995052172635084,REVIEW
LTM,roe,3,22.0,36.995052172635084,14.995052172635084,REVIEW
JINDALSTEL,compounded_sales_growth,10,12.0,10.07258893564078,1.9274110643592195,PASS
JINDALSTEL,compounded_sales_growth,5,15.0,1.4028310947741707,13.597168905225828,REVIEW
JINDALSTEL,compounded_sales_growth,3,14.0,13.346256701428505,0.653743298571495,PASS
JINDALSTEL,compounded_profit_growth,10,14.0,12.10287216940693,1.8971278305930692,PASS
JINDALSTEL,compounded_profit_growth,5,18.0,,,NOT_COMPARABLE
JINDALSTEL,compounded_profit_growth,3,16.0,11.676303196350535,4.323696803649465,PASS
JINDALSTEL,stock_price_cagr,10,15.0,,,NOT_COMPARABLE
JINDALSTEL,stock_price_cagr,5,20.0,,,NOT_COMPARABLE
JINDALSTEL,stock_price_cagr,3,18.0,,,NOT_COMPARABLE
JINDALSTEL,roe,10,18.0,13.410506363390198,4.589493636609802,PASS
JINDALSTEL,roe,5,20.0,13.410506363390198,6.589493636609802,REVIEW
JINDALSTEL,roe,3,22.0,13.410506363390198,8.589493636609802,REVIEW
JIOFIN,compounded_sales_growth,10,12.0,,,NOT_COMPARABLE
JIOFIN,compounded_sales_growth,5,15.0,,,NOT_COMPARABLE
JIOFIN,compounded_sales_growth,3,14.0,,,NOT_COMPARABLE
JIOFIN,compounded_profit_growth,10,14.0,,,NOT_COMPARABLE
JIOFIN,compounded_profit_growth,5,18.0,,,NOT_COMPARABLE
JIOFIN,compounded_profit_growth,3,16.0,,,NOT_COMPARABLE
JIOFIN,stock_price_cagr,10,15.0,,,NOT_COMPARABLE
JIOFIN,stock_price_cagr,5,20.0,,,NOT_COMPARABLE
JIOFIN,stock_price_cagr,3,18.0,,,NOT_COMPARABLE
JIOFIN,roe,10,18.0,1.153456416595399,16.8465435834046,REVIEW
JIOFIN,roe,5,20.0,1.153456416595399,18.8465435834046,REVIEW
JIOFIN,roe,3,22.0,1.153456416595399,20.8465435834046,REVIEW
TATACAP,compounded_sales_growth,10,12.0,,,NOT_COMPARABLE
TATACAP,compounded_sales_growth,5,15.0,,,NOT_COMPARABLE
TATACAP,compounded_sales_growth,3,14.0,-11.800048814202224,25.800048814202224,REVIEW
TATACAP,compounded_profit_growth,10,14.0,,,NOT_COMPARABLE
TATACAP,compounded_profit_growth,5,18.0,,,NOT_COMPARABLE
TATACAP,compounded_profit_growth,3,16.0,-5.618638155502065,21.618638155502065,REVIEW
TATACAP,stock_price_cagr,10,15.0,,,NOT_COMPARABLE
TATACAP,stock_price_cagr,5,20.0,,,NOT_COMPARABLE
TATACAP,stock_price_cagr,3,18.0,,,NOT_COMPARABLE
TATACAP,roe,10,18.0,24.956319940860755,6.956319940860755,REVIEW
TATACAP,roe,5,20.0,24.956319940860755,4.956319940860755,PASS
TATACAP,roe,3,22.0,24.956319940860755,2.9563199408607552,PASS
CGPOWER,compounded_sales_growth,10,12.0,,,NOT_COMPARABLE
CGPOWER,compounded_sales_growth,5,15.0,,,NOT_COMPARABLE
CGPOWER,compounded_sales_growth,3,14.0,-0.14432981252604504,14.144329812526045,REVIEW
CGPOWER,compounded_profit_growth,10,14.0,,,NOT_COMPARABLE
CGPOWER,compounded_profit_growth,5,18.0,,,NOT_COMPARABLE
CGPOWER,compounded_profit_growth,3,16.0,3.6062679382069085,12.393732061793092,REVIEW
CGPOWER,stock_price_cagr,10,15.0,,,NOT_COMPARABLE
CGPOWER,stock_price_cagr,5,20.0,,,NOT_COMPARABLE
CGPOWER,stock_price_cagr,3,18.0,,,NOT_COMPARABLE
CGPOWER,roe,10,18.0,34.907082298535585,16.907082298535585,REVIEW
CGPOWER,roe,5,20.0,34.907082298535585,14.907082298535585,REVIEW
CGPOWER,roe,3,22.0,34.907082298535585,12.907082298535585,REVIEW
BEL,compounded_sales_growth,10,12.0,12.01331595775741,0.013315957757409791,PASS
BEL,compounded_sales_growth,5,15.0,10.7508063318833,4.2491936681167,PASS
BEL,compounded_sales_growth,3,14.0,12.8335418079377,1.1664581920623007,PASS
BEL,compounded_profit_growth,10,14.0,15.392913221732885,1.3929132217328846,PASS
BEL,compounded_profit_growth,5,18.0,16.12648618019128,1.8735138198087213,PASS
BEL,compounded_profit_growth,3,16.0,23.80447523322802,7.804475233228018,REVIEW
BEL,stock_price_cagr,10,15.0,,,NOT_COMPARABLE
BEL,stock_price_cagr,5,20.0,,,NOT_COMPARABLE
BEL,stock_price_cagr,3,18.0,,,NOT_COMPARABLE
BEL,roe,10,18.0,4744.047619047619,4726.047619047619,REVIEW
BEL,roe,5,20.0,4744.047619047619,4724.047619047619,REVIEW
BEL,roe,3,22.0,4744.047619047619,4722.047619047619,REVIEW
SUNPHARMA,compounded_sales_growth,10,12.0,11.67163711556578,0.32836288443422035,PASS
SUNPHARMA,compounded_sales_growth,5,15.0,10.78116321985565,4.2188367801443505,PASS
SUNPHARMA,compounded_sales_growth,3,14.0,13.126755589483485,0.8732444105165147,PASS
SUNPHARMA,compounded_profit_growth,10,14.0,9.496531115092143,4.503468884907857,PASS
SUNPHARMA,compounded_profit_growth,5,18.0,24.536829642931245,6.536829642931245,REVIEW
SUNPHARMA,compounded_profit_growth,3,16.0,61.722961970425125,45.722961970425125,REVIEW
SUNPHARMA,stock_price_cagr,10,15.0,,,NOT_COMPARABLE
SUNPHARMA,stock_price_cagr,5,20.0,,,NOT_COMPARABLE
SUNPHARMA,stock_price_cagr,3,18.0,,,NOT_COMPARABLE
SUNPHARMA,roe,10,18.0,15.094161810671148,2.9058381893288523,PASS
SUNPHARMA,roe,5,20.0,15.094161810671148,4.905838189328852,PASS
SUNPHARMA,roe,3,22.0,15.094161810671148,6.905838189328852,REVIEW
KOTAKBANK,compounded_sales_growth,10,12.0,16.717180300192645,4.717180300192645,PASS
KOTAKBANK,compounded_sales_growth,5,15.0,13.51960376324537,1.4803962367546308,PASS
KOTAKBANK,compounded_sales_growth,3,14.0,19.66335897034557,5.66335897034557,REVIEW
KOTAKBANK,compounded_profit_growth,10,14.0,21.836558926617357,7.836558926617357,REVIEW
KOTAKBANK,compounded_profit_growth,5,18.0,20.38200065626572,2.3820006562657206,PASS
KOTAKBANK,compounded_profit_growth,3,16.0,22.162712282993226,6.162712282993226,REVIEW
KOTAKBANK,stock_price_cagr,10,15.0,,,NOT_COMPARABLE
KOTAKBANK,stock_price_cagr,5,20.0,,,NOT_COMPARABLE
KOTAKBANK,stock_price_cagr,3,18.0,,,NOT_COMPARABLE
KOTAKBANK,roe,10,18.0,14.013018188532914,3.9869818114670856,PASS
KOTAKBANK,roe,5,20.0,14.013018188532914,5.986981811467086,REVIEW
KOTAKBANK,roe,3,22.0,14.013018188532914,7.986981811467086,REVIEW
UNITDSPR,compounded_sales_growth,10,12.0,0.7480090776196935,11.251990922380307,REVIEW
UNITDSPR,compounded_sales_growth,5,15.0,3.919795554934913,11.080204445065087,REVIEW
UNITDSPR,compounded_sales_growth,3,14.0,11.664110250021874,2.3358897499781257,PASS
UNITDSPR,compounded_profit_growth,10,14.0,,,NOT_COMPARABLE
UNITDSPR,compounded_profit_growth,5,18.0,15.533867236488664,2.466132763511336,PASS
UNITDSPR,compounded_profit_growth,3,16.0,57.26474005381643,41.26474005381643,REVIEW
UNITDSPR,stock_price_cagr,10,15.0,,,NOT_COMPARABLE
UNITDSPR,stock_price_cagr,5,20.0,,,NOT_COMPARABLE
UNITDSPR,stock_price_cagr,3,18.0,,,NOT_COMPARABLE
UNITDSPR,roe,10,18.0,19.77250386181716,1.7725038618171602,PASS
UNITDSPR,roe,5,20.0,19.77250386181716,0.22749613818283976,PASS
UNITDSPR,roe,3,22.0,19.77250386181716,2.2274961381828398,PASS
IRFC,compounded_sales_growth,10,12.0,15.702681143154496,3.7026811431544964,PASS
IRFC,compounded_sales_growth,5,15.0,19.06740855567788,4.067408555677879,PASS
IRFC,compounded_sales_growth,3,14.0,19.101938730495593,5.101938730495593,REVIEW
IRFC,compounded_profit_growth,10,14.0,24.774991677745327,10.774991677745327,REVIEW
IRFC,compounded_profit_growth,5,18.0,23.245023933940367,5.245023933940367,REVIEW
IRFC,compounded_profit_growth,3,16.0,13.236946449292141,2.763053550707859,PASS
IRFC,stock_price_cagr,10,15.0,,,NOT_COMPARABLE
IRFC,stock_price_cagr,5,20.0,,,NOT_COMPARABLE
IRFC,stock_price_cagr,3,18.0,,,NOT_COMPARABLE
IRFC,roe,10,18.0,13.038085361638096,4.961914638361904,PASS
IRFC,roe,5,20.0,13.038085361638096,6.961914638361904,REVIEW
IRFC,roe,3,22.0,13.038085361638096,8.961914638361904,REVIEW
NTPC,compounded_sales_growth,10,12.0,8.585354289701952,3.414645710298048,PASS
NTPC,compounded_sales_growth,5,15.0,12.222309654337993,2.7776903456620072,PASS
NTPC,compounded_sales_growth,3,14.0,16.971938102031615,2.971938102031615,PASS
NTPC,compounded_profit_growth,10,14.0,6.463623922795203,7.536376077204797,REVIEW
NTPC,compounded_profit_growth,5,18.0,8.735165684951163,9.264834315048837,REVIEW
NTPC,compounded_profit_growth,3,16.0,12.532921935042452,3.4670780649575477,PASS
NTPC,stock_price_cagr,10,15.0,,,NOT_COMPARABLE
NTPC,stock_price_cagr,5,20.0,,,NOT_COMPARABLE
NTPC,stock_price_cagr,3,18.0,,,NOT_COMPARABLE
NTPC,roe,10,18.0,13.273598407068633,4.726401592931367,PASS
NTPC,roe,5,20.0,13.273598407068633,6.726401592931367,REVIEW
NTPC,roe,3,22.0,13.273598407068633,8.726401592931367,REVIEW
CIPLA,compounded_sales_growth,10,12.0,9.74210289783317,2.2578971021668295,PASS
CIPLA,compounded_sales_growth,5,15.0,9.513860126378049,5.486139873621951,REVIEW
CIPLA,compounded_sales_growth,3,14.0,10.389755935227928,3.610244064772072,PASS
CIPLA,compounded_profit_growth,10,14.0,11.457664472874352,2.5423355271256476,PASS
CIPLA,compounded_profit_growth,5,18.0,22.726834848000887,4.7268348480008875,PASS
CIPLA,compounded_profit_growth,3,16.0,20.249546582874324,4.2495465828743235,PASS
CIPLA,stock_price_cagr,10,15.0,,,NOT_COMPARABLE
CIPLA,stock_price_cagr,5,20.0,,,NOT_COMPARABLE
CIPLA,stock_price_cagr,3,18.0,,,NOT_COMPARABLE
CIPLA,roe,10,18.0,15.554557028383135,2.445442971616865,PASS
CIPLA,roe,5,20.0,15.554557028383135,4.445442971616865,PASS
CIPLA,roe,3,22.0,15.554557028383135,6.445442971616865,REVIEW
CUMMINSIND,compounded_sales_growth,10,12.0,,,NOT_COMPARABLE
CUMMINSIND,compounded_sales_growth,5,15.0,,,NOT_COMPARABLE
CUMMINSIND,compounded_sales_growth,3,14.0,19.030245248935284,5.030245248935284,REVIEW
CUMMINSIND,compounded_profit_growth,10,14.0,,,NOT_COMPARABLE
CUMMINSIND,compounded_profit_growth,5,18.0,,,NOT_COMPARABLE
CUMMINSIND,compounded_profit_growth,3,16.0,22.704291715341117,6.7042917153411175,REVIEW
CUMMINSIND,stock_price_cagr,10,15.0,,,NOT_COMPARABLE
CUMMINSIND,stock_price_cagr,5,20.0,,,NOT_COMPARABLE
CUMMINSIND,stock_price_cagr,3,18.0,,,NOT_COMPARABLE
CUMMINSIND,roe,10,18.0,37.349239127762615,19.349239127762615,REVIEW
CUMMINSIND,roe,5,20.0,37.349239127762615,17.349239127762615,REVIEW
CUMMINSIND,roe,3,22.0,37.349239127762615,15.349239127762615,REVIEW
PFC,compounded_sales_growth,10,12.0,15.635271776057436,3.6352717760574365,PASS
PFC,compounded_sales_growth,5,15.0,11.081753577550923,3.9182464224490765,PASS
PFC,compounded_sales_growth,3,14.0,8.493112204756725,5.506887795243275,REVIEW
PFC,compounded_profit_growth,10,14.0,17.09152322307048,3.0915232230704817,PASS
PFC,compounded_profit_growth,5,18.0,15.923593622700727,2.076406377299273,PASS
PFC,compounded_profit_growth,3,16.0,18.9656031749176,2.9656031749176,PASS
PFC,stock_price_cagr,10,15.0,,,NOT_COMPARABLE
PFC,stock_price_cagr,5,20.0,,,NOT_COMPARABLE
PFC,stock_price_cagr,3,18.0,,,NOT_COMPARABLE
PFC,roe,10,18.0,26.1609340860332,8.160934086033201,REVIEW
PFC,roe,5,20.0,26.1609340860332,6.160934086033201,REVIEW
PFC,roe,3,22.0,26.1609340860332,4.160934086033201,PASS
BAJFINANCE,compounded_sales_growth,10,12.0,,,NOT_COMPARABLE
BAJFINANCE,compounded_sales_growth,5,15.0,24.352642739542006,9.352642739542006,REVIEW
BAJFINANCE,compounded_sales_growth,3,14.0,27.259405758095312,13.259405758095312,REVIEW
BAJFINANCE,compounded_profit_growth,10,14.0,,,NOT_COMPARABLE
BAJFINANCE,compounded_profit_growth,5,18.0,29.323134825979015,11.323134825979015,REVIEW
BAJFINANCE,compounded_profit_growth,3,16.0,48.41981202939976,32.41981202939976,REVIEW
BAJFINANCE,stock_price_cagr,10,15.0,,,NOT_COMPARABLE
BAJFINANCE,stock_price_cagr,5,20.0,,,NOT_COMPARABLE
BAJFINANCE,stock_price_cagr,3,18.0,,,NOT_COMPARABLE
BAJFINANCE,roe,10,18.0,18.841921351830603,0.841921351830603,PASS
BAJFINANCE,roe,5,20.0,18.841921351830603,1.158078648169397,PASS
BAJFINANCE,roe,3,22.0,18.841921351830603,3.158078648169397,PASS
TECHM,compounded_sales_growth,10,12.0,10.707384026194822,1.2926159738051783,PASS
TECHM,compounded_sales_growth,5,15.0,8.398437919098868,6.601562080901132,REVIEW
TECHM,compounded_sales_growth,3,14.0,11.160091311747644,2.839908688252356,PASS
TECHM,compounded_profit_growth,10,14.0,-2.418770735811082,16.418770735811083,REVIEW
TECHM,compounded_profit_growth,5,18.0,-10.985163688218591,28.98516368821859,REVIEW
TECHM,compounded_profit_growth,3,16.0,-18.035375119857278,34.03537511985728,REVIEW
TECHM,stock_price_cagr,10,15.0,,,NOT_COMPARABLE
TECHM,stock_price_cagr,5,20.0,,,NOT_COMPARABLE
TECHM,stock_price_cagr,3,18.0,,,NOT_COMPARABLE
TECHM,roe,10,18.0,8.987963553189097,9.012036446810903,REVIEW
TECHM,roe,5,20.0,8.987963553189097,11.012036446810903,REVIEW
TECHM,roe,3,22.0,8.987963553189097,13.012036446810903,REVIEW
ABB,compounded_sales_growth,10,12.0,9.898290364739681,2.1017096352603186,PASS
ABB,compounded_sales_growth,5,15.0,9.716101277290168,5.283898722709832,REVIEW
ABB,compounded_sales_growth,3,14.0,10.713721789385655,3.286278210614345,PASS
ABB,compounded_profit_growth,10,14.0,19.75338045077737,5.753380450777371,REVIEW
ABB,compounded_profit_growth,5,18.0,21.69314043381163,3.6931404338116316,PASS
ABB,compounded_profit_growth,3,16.0,20.232437941096727,4.232437941096727,PASS
ABB,stock_price_cagr,10,15.0,,,NOT_COMPARABLE
ABB,stock_price_cagr,5,20.0,,,NOT_COMPARABLE
ABB,stock_price_cagr,3,18.0,,,NOT_COMPARABLE
ABB,roe,10,18.0,32.46823465801568,14.468234658015682,REVIEW
ABB,roe,5,20.0,32.46823465801568,12.468234658015682,REVIEW
ABB,roe,3,22.0,32.46823465801568,10.468234658015682,REVIEW
HDFCLIFE,compounded_sales_growth,10,12.0,19.44610458066991,7.44610458066991,REVIEW
HDFCLIFE,compounded_sales_growth,5,15.0,21.16813430936688,6.168134309366881,REVIEW
HDFCLIFE,compounded_sales_growth,3,14.0,12.366704821498665,1.633295178501335,PASS
HDFCLIFE,compounded_profit_growth,10,14.0,8.060425215255096,5.939574784744904,REVIEW
HDFCLIFE,compounded_profit_growth,5,18.0,4.25449161597129,13.74550838402871,REVIEW
HDFCLIFE,compounded_profit_growth,3,16.0,4.966053172356233,11.033946827643767,REVIEW
HDFCLIFE,stock_price_cagr,10,15.0,,,NOT_COMPARABLE
HDFCLIFE,stock_price_cagr,5,20.0,,,NOT_COMPARABLE
HDFCLIFE,stock_price_cagr,3,18.0,,,NOT_COMPARABLE
HDFCLIFE,roe,10,18.0,10.732306013909723,7.267693986090277,REVIEW
HDFCLIFE,roe,5,20.0,10.732306013909723,9.267693986090277,REVIEW
HDFCLIFE,roe,3,22.0,10.732306013909723,11.267693986090277,REVIEW
RELIANCE,compounded_sales_growth,10,12.0,7.566474743054807,4.433525256945193,PASS
RELIANCE,compounded_sales_growth,5,15.0,9.606097094616972,5.393902905383028,REVIEW
RELIANCE,compounded_sales_growth,3,14.0,24.46173600944801,10.46173600944801,REVIEW
RELIANCE,compounded_profit_growth,10,14.0,13.360799426840897,0.6392005731591031,PASS
RELIANCE,compounded_profit_growth,5,18.0,14.680632603495592,3.3193673965044077,PASS
RELIANCE,compounded_profit_growth,3,16.0,13.714491828409226,2.2855081715907737,PASS
RELIANCE,stock_price_cagr,10,15.0,,,NOT_COMPARABLE
RELIANCE,stock_price_cagr,5,20.0,,,NOT_COMPARABLE
RELIANCE,stock_price_cagr,3,18.0,,,NOT_COMPARABLE
RELIANCE,roe,10,18.0,9.958650553699458,8.041349446300542,REVIEW
RELIANCE,roe,5,20.0,9.958650553699458,10.041349446300542,REVIEW
RELIANCE,roe,3,22.0,9.958650553699458,12.041349446300542,REVIEW
HINDUNILVR,compounded_sales_growth,10,12.0,7.789742422365942,4.210257577634058,PASS
HINDUNILVR,compounded_sales_growth,5,15.0,9.504485244074123,5.495514755925877,REVIEW
HINDUNILVR,compounded_sales_growth,3,14.0,9.589435897156351,4.410564102843649,PASS
HINDUNILVR,compounded_profit_growth,10,14.0,10.022657733318274,3.9773422666817257,PASS
HINDUNILVR,compounded_profit_growth,5,18.0,11.152950436803422,6.8470495631965775,REVIEW
HINDUNILVR,compounded_profit_growth,3,16.0,8.729477470315782,7.270522529684218,REVIEW
HINDUNILVR,stock_price_cagr,10,15.0,,,NOT_COMPARABLE
HINDUNILVR,stock_price_cagr,5,20.0,,,NOT_COMPARABLE
HINDUNILVR,stock_price_cagr,3,18.0,,,NOT_COMPARABLE
HINDUNILVR,roe,10,18.0,20.074973642078955,2.0749736420789553,PASS
HINDUNILVR,roe,5,20.0,20.074973642078955,0.0749736420789553,PASS
HINDUNILVR,roe,3,22.0,20.074973642078955,1.9250263579210447,PASS
DMART,compounded_sales_growth,10,12.0,26.91026114651347,14.91026114651347,REVIEW
DMART,compounded_sales_growth,5,15.0,20.48312440202782,5.483124402027819,REVIEW
DMART,compounded_sales_growth,3,14.0,28.132551951927297,14.132551951927297,REVIEW
DMART,compounded_profit_growth,10,14.0,31.744452601738082,17.744452601738082,REVIEW
DMART,compounded_profit_growth,5,18.0,22.96698996520703,4.966989965207031,PASS
DMART,compounded_profit_growth,3,16.0,32.144934169439935,16.144934169439935,REVIEW
DMART,stock_price_cagr,10,15.0,,,NOT_COMPARABLE
DMART,stock_price_cagr,5,20.0,,,NOT_COMPARABLE
DMART,stock_price_cagr,3,18.0,,,NOT_COMPARABLE
DMART,roe,10,18.0,13.56294790886726,4.43705209113274,PASS
DMART,roe,5,20.0,13.56294790886726,6.43705209113274,REVIEW
DMART,roe,3,22.0,13.56294790886726,8.43705209113274,REVIEW
HDFCAMC,compounded_sales_growth,10,12.0,,,NOT_COMPARABLE
HDFCAMC,compounded_sales_growth,5,15.0,,,NOT_COMPARABLE
HDFCAMC,compounded_sales_growth,3,14.0,-24.521063494953243,38.52106349495324,REVIEW
HDFCAMC,compounded_profit_growth,10,14.0,,,NOT_COMPARABLE
HDFCAMC,compounded_profit_growth,5,18.0,,,NOT_COMPARABLE
HDFCAMC,compounded_profit_growth,3,16.0,-15.758447747189486,31.758447747189486,REVIEW
HDFCAMC,stock_price_cagr,10,15.0,,,NOT_COMPARABLE
HDFCAMC,stock_price_cagr,5,20.0,,,NOT_COMPARABLE
HDFCAMC,stock_price_cagr,3,18.0,,,NOT_COMPARABLE
HDFCAMC,roe,10,18.0,13.20212448962373,4.7978755103762705,PASS
HDFCAMC,roe,5,20.0,13.20212448962373,6.7978755103762705,REVIEW
HDFCAMC,roe,3,22.0,13.20212448962373,8.79787551037627,REVIEW
ZYDUSLIFE,compounded_sales_growth,10,12.0,10.466409307178925,1.5335906928210754,PASS
ZYDUSLIFE,compounded_sales_growth,5,15.0,8.224416370673238,6.775583629326762,REVIEW
ZYDUSLIFE,compounded_sales_growth,3,14.0,10.713097138388727,3.2869028616112725,PASS
ZYDUSLIFE,compounded_profit_growth,10,14.0,16.866820514962953,2.866820514962953,PASS
ZYDUSLIFE,compounded_profit_growth,5,18.0,15.909416636626528,2.0905833633734723,PASS
ZYDUSLIFE,compounded_profit_growth,3,16.0,22.05503734065768,6.05503734065768,REVIEW
ZYDUSLIFE,stock_price_cagr,10,15.0,,,NOT_COMPARABLE
ZYDUSLIFE,stock_price_cagr,5,20.0,,,NOT_COMPARABLE
ZYDUSLIFE,stock_price_cagr,3,18.0,,,NOT_COMPARABLE
ZYDUSLIFE,roe,10,18.0,20.035300050428642,2.035300050428642,PASS
ZYDUSLIFE,roe,5,20.0,20.035300050428642,0.03530005042864204,PASS
ZYDUSLIFE,roe,3,22.0,20.035300050428642,1.964699949571358,PASS
AXISBANK,compounded_sales_growth,10,12.0,13.568824505023214,1.5688245050232137,PASS
AXISBANK,compounded_sales_growth,5,15.0,14.743587120514379,0.2564128794856213,PASS
AXISBANK,compounded_sales_growth,3,14.0,19.966046890428714,5.966046890428714,REVIEW
AXISBANK,compounded_profit_growth,10,14.0,14.864754204532193,0.8647542045321934,PASS
AXISBANK,compounded_profit_growth,5,18.0,39.67228711897934,21.67228711897934,REVIEW
AXISBANK,compounded_profit_growth,3,16.0,55.68795030685318,39.68795030685318,REVIEW
AXISBANK,stock_price_cagr,10,15.0,,,NOT_COMPARABLE
AXISBANK,stock_price_cagr,5,20.0,,,NOT_COMPARABLE
AXISBANK,stock_price_cagr,3,18.0,,,NOT_COMPARABLE
AXISBANK,roe,10,18.0,15.832712405189048,2.1672875948109525,PASS
AXISBANK,roe,5,20.0,15.832712405189048,4.1672875948109525,PASS
AXISBANK,roe,3,22.0,15.832712405189048,6.1672875948109525,REVIEW
PNB,compounded_sales_growth,10,12.0,9.266703791384634,2.733296208615366,PASS
PNB,compounded_sales_growth,5,15.0,15.902076009106025,0.9020760091060254,PASS
PNB,compounded_sales_growth,3,14.0,10.003199043012213,3.996800956987787,PASS
PNB,compounded_profit_growth,10,14.0,9.562366995577731,4.437633004422269,PASS
PNB,compounded_profit_growth,5,18.0,,,NOT_COMPARABLE
PNB,compounded_profit_growth,3,16.0,50.336631443573786,34.336631443573786,REVIEW
PNB,stock_price_cagr,10,15.0,,,NOT_COMPARABLE
PNB,stock_price_cagr,5,20.0,,,NOT_COMPARABLE
PNB,stock_price_cagr,3,18.0,,,NOT_COMPARABLE
PNB,roe,10,18.0,61.320565191187306,43.320565191187306,REVIEW
PNB,roe,5,20.0,61.320565191187306,41.320565191187306,REVIEW
PNB,roe,3,22.0,61.320565191187306,39.320565191187306,REVIEW
ENRIN,compounded_sales_growth,10,12.0,,,NOT_COMPARABLE
ENRIN,compounded_sales_growth,5,15.0,,,NOT_COMPARABLE
ENRIN,compounded_sales_growth,3,14.0,2.405570972759241,11.594429027240759,REVIEW
ENRIN,compounded_profit_growth,10,14.0,,,NOT_COMPARABLE
ENRIN,compounded_profit_growth,5,18.0,,,NOT_COMPARABLE
ENRIN,compounded_profit_growth,3,16.0,-5.003205315049863,21.00320531504986,REVIEW
ENRIN,stock_price_cagr,10,15.0,,,NOT_COMPARABLE
ENRIN,stock_price_cagr,5,20.0,,,NOT_COMPARABLE
ENRIN,stock_price_cagr,3,18.0,,,NOT_COMPARABLE
ENRIN,roe,10,18.0,13.32314493744812,4.67685506255188,PASS
ENRIN,roe,5,20.0,13.32314493744812,6.67685506255188,REVIEW
ENRIN,roe,3,22.0,13.32314493744812,8.67685506255188,REVIEW
ADANIPOWER,compounded_sales_growth,10,12.0,12.629527157691523,0.6295271576915233,PASS
ADANIPOWER,compounded_sales_growth,5,15.0,16.086096410440966,1.086096410440966,PASS
ADANIPOWER,compounded_sales_growth,3,14.0,24.294797156226156,10.294797156226156,REVIEW
ADANIPOWER,compounded_profit_growth,10,14.0,,,NOT_COMPARABLE
ADANIPOWER,compounded_profit_growth,5,18.0,,,NOT_COMPARABLE
ADANIPOWER,compounded_profit_growth,3,16.0,154.07088459944453,138.07088459944453,REVIEW
ADANIPOWER,stock_price_cagr,10,15.0,,,NOT_COMPARABLE
ADANIPOWER,stock_price_cagr,5,20.0,,,NOT_COMPARABLE
ADANIPOWER,stock_price_cagr,3,18.0,,,NOT_COMPARABLE
ADANIPOWER,roe,10,18.0,48.27674122146251,30.27674122146251,REVIEW
ADANIPOWER,roe,5,20.0,48.27674122146251,28.27674122146251,REVIEW
ADANIPOWER,roe,3,22.0,48.27674122146251,26.27674122146251,REVIEW
ONGC,compounded_sales_growth,10,12.0,13.006317517391341,1.0063175173913415,PASS
ONGC,compounded_sales_growth,5,15.0,7.001683761214439,7.998316238785561,REVIEW
ONGC,compounded_sales_growth,3,14.0,24.855263957274687,10.855263957274687,REVIEW
ONGC,compounded_profit_growth,10,14.0,7.9121170176566835,6.0878829823433165,REVIEW
ONGC,compounded_profit_growth,5,18.0,10.96639922553624,7.0336007744637605,REVIEW
ONGC,compounded_profit_growth,3,16.0,38.78658467052287,22.78658467052287,REVIEW
ONGC,stock_price_cagr,10,15.0,,,NOT_COMPARABLE
ONGC,stock_price_cagr,5,20.0,,,NOT_COMPARABLE
ONGC,stock_price_cagr,3,18.0,,,NOT_COMPARABLE
ONGC,roe,10,18.0,16.940398136885513,1.0596018631144872,PASS
ONGC,roe,5,20.0,16.940398136885513,3.0596018631144872,PASS
ONGC,roe,3,22.0,16.940398136885513,5.059601863114487,REVIEW
DLF,compounded_sales_growth,10,12.0,-2.5227009697177505,14.52270096971775,REVIEW
DLF,compounded_sales_growth,5,15.0,-5.136730668466605,20.136730668466605,REVIEW
DLF,compounded_sales_growth,3,14.0,5.883921200220743,8.116078799779256,REVIEW
DLF,compounded_profit_growth,10,14.0,16.52939969024585,2.5293996902458495,PASS
DLF,compounded_profit_growth,5,18.0,15.697066513836644,2.302933486163356,PASS
DLF,compounded_profit_growth,3,16.0,35.99602527786225,19.996025277862252,REVIEW
DLF,stock_price_cagr,10,15.0,,,NOT_COMPARABLE
DLF,stock_price_cagr,5,20.0,,,NOT_COMPARABLE
DLF,stock_price_cagr,3,18.0,,,NOT_COMPARABLE
DLF,roe,10,18.0,6.908270142781061,11.09172985721894,REVIEW
DLF,roe,5,20.0,6.908270142781061,13.09172985721894,REVIEW
DLF,roe,3,22.0,6.908270142781061,15.09172985721894,REVIEW
SHREECEM,compounded_sales_growth,10,12.0,13.636599315164899,1.636599315164899,PASS
SHREECEM,compounded_sales_growth,5,15.0,10.325615915556586,4.674384084443414,PASS
SHREECEM,compounded_sales_growth,3,14.0,14.809971802418321,0.8099718024183211,PASS
SHREECEM,compounded_profit_growth,10,14.0,8.213734016506091,5.786265983493909,REVIEW
SHREECEM,compounded_profit_growth,5,18.0,11.2926552609119,6.7073447390881,REVIEW
SHREECEM,compounded_profit_growth,3,16.0,-9.486515671324725,25.486515671324725,REVIEW
SHREECEM,stock_price_cagr,10,15.0,,,NOT_COMPARABLE
SHREECEM,stock_price_cagr,5,20.0,,,NOT_COMPARABLE
SHREECEM,stock_price_cagr,3,18.0,,,NOT_COMPARABLE
SHREECEM,roe,10,18.0,8.370767521615225,9.629232478384775,REVIEW
SHREECEM,roe,5,20.0,8.370767521615225,11.629232478384775,REVIEW
SHREECEM,roe,3,22.0,8.370767521615225,13.629232478384775,REVIEW
IOC,compounded_sales_growth,10,12.0,4.744973944880271,7.255026055119729,REVIEW
IOC,compounded_sales_growth,5,15.0,8.008755667240486,6.991244332759514,REVIEW
IOC,compounded_sales_growth,3,14.0,28.727791225279177,14.727791225279177,REVIEW
IOC,compounded_profit_growth,10,14.0,20.006444481866815,6.006444481866815,REVIEW
IOC,compounded_profit_growth,5,18.0,20.099089966731643,2.0990899667316434,PASS
IOC,compounded_profit_growth,3,16.0,25.64085913541887,9.640859135418872,REVIEW
IOC,stock_price_cagr,10,15.0,,,NOT_COMPARABLE
IOC,stock_price_cagr,5,20.0,,,NOT_COMPARABLE
IOC,stock_price_cagr,3,18.0,,,NOT_COMPARABLE
IOC,roe,10,18.0,23.53162465856491,5.531624658564908,REVIEW
IOC,roe,5,20.0,23.53162465856491,3.5316246585649083,PASS
IOC,roe,3,22.0,23.53162465856491,1.5316246585649083,PASS
INDIGO,compounded_sales_growth,10,12.0,20.01227897172877,8.012278971728769,REVIEW
INDIGO,compounded_sales_growth,5,15.0,19.313355125806165,4.313355125806165,PASS
INDIGO,compounded_sales_growth,3,14.0,67.58091776468258,53.58091776468258,REVIEW
INDIGO,compounded_profit_growth,10,14.0,32.9316579498421,18.931657949842098,REVIEW
INDIGO,compounded_profit_growth,5,18.0,120.69250867467933,102.69250867467933,REVIEW
INDIGO,compounded_profit_growth,3,16.0,,,NOT_COMPARABLE
INDIGO,stock_price_cagr,10,15.0,,,NOT_COMPARABLE
INDIGO,stock_price_cagr,5,20.0,,,NOT_COMPARABLE
INDIGO,stock_price_cagr,3,18.0,,,NOT_COMPARABLE
INDIGO,roe,10,18.0,892.568306010929,874.568306010929,REVIEW
INDIGO,roe,5,20.0,892.568306010929,872.568306010929,REVIEW
INDIGO,roe,3,22.0,892.568306010929,870.568306010929,REVIEW
CHOLAFIN,compounded_sales_growth,10,12.0,19.308726010179612,7.308726010179612,REVIEW
CHOLAFIN,compounded_sales_growth,5,15.0,21.939164804975263,6.939164804975263,REVIEW
CHOLAFIN,compounded_sales_growth,3,14.0,25.985530916686983,11.985530916686983,REVIEW
CHOLAFIN,compounded_profit_growth,10,14.0,24.97347005007167,10.973470050071668,REVIEW
CHOLAFIN,compounded_profit_growth,5,18.0,23.363417251672082,5.363417251672082,REVIEW
CHOLAFIN,compounded_profit_growth,3,16.0,31.008346108097527,15.008346108097527,REVIEW
CHOLAFIN,stock_price_cagr,10,15.0,,,NOT_COMPARABLE
CHOLAFIN,stock_price_cagr,5,20.0,,,NOT_COMPARABLE
CHOLAFIN,stock_price_cagr,3,18.0,,,NOT_COMPARABLE
CHOLAFIN,roe,10,18.0,17.455213596692694,0.544786403307306,PASS
CHOLAFIN,roe,5,20.0,17.455213596692694,2.544786403307306,PASS
CHOLAFIN,roe,3,22.0,17.455213596692694,4.544786403307306,PASS
VEDL,compounded_sales_growth,10,12.0,8.068603195484346,3.9313968045156535,PASS
VEDL,compounded_sales_growth,5,15.0,9.32130335133765,5.678696648662349,REVIEW
VEDL,compounded_sales_growth,3,14.0,17.75626461493056,3.7562646149305614,PASS
VEDL,compounded_profit_growth,10,14.0,-4.068560533232346,18.068560533232347,REVIEW
VEDL,compounded_profit_growth,5,18.0,-4.911868676433484,22.911868676433485,REVIEW
VEDL,compounded_profit_growth,3,16.0,-20.549068731046795,36.549068731046795,REVIEW
VEDL,stock_price_cagr,10,15.0,,,NOT_COMPARABLE
VEDL,stock_price_cagr,5,20.0,,,NOT_COMPARABLE
VEDL,stock_price_cagr,3,18.0,,,NOT_COMPARABLE
VEDL,roe,10,18.0,24.539418006640194,6.539418006640194,REVIEW
VEDL,roe,5,20.0,24.539418006640194,4.539418006640194,PASS
VEDL,roe,3,22.0,24.539418006640194,2.5394180066401937,PASS
APOLLOHOSP,compounded_sales_growth,10,12.0,15.90208668517812,3.9020866851781193,PASS
APOLLOHOSP,compounded_sales_growth,5,15.0,14.660042602193135,0.33995739780686485,PASS
APOLLOHOSP,compounded_sales_growth,3,14.0,21.752736351876713,7.752736351876713,REVIEW
APOLLOHOSP,compounded_profit_growth,10,14.0,11.493642912195057,2.5063570878049433,PASS
APOLLOHOSP,compounded_profit_growth,5,18.0,36.13077689773863,18.130776897738627,REVIEW
APOLLOHOSP,compounded_profit_growth,3,16.0,89.6838465061924,73.6838465061924,REVIEW
APOLLOHOSP,stock_price_cagr,10,15.0,,,NOT_COMPARABLE
APOLLOHOSP,stock_price_cagr,5,20.0,,,NOT_COMPARABLE
APOLLOHOSP,stock_price_cagr,3,18.0,,,NOT_COMPARABLE
APOLLOHOSP,roe,10,18.0,13.480392156862745,4.519607843137255,PASS
APOLLOHOSP,roe,5,20.0,13.480392156862745,6.519607843137255,REVIEW
APOLLOHOSP,roe,3,22.0,13.480392156862745,8.519607843137255,REVIEW
SBIN,compounded_sales_growth,10,12.0,8.7939438863327,3.2060561136673,PASS
SBIN,compounded_sales_growth,5,15.0,11.63380022632805,3.3661997736719496,PASS
SBIN,compounded_sales_growth,3,14.0,16.450765315782267,2.4507653157822666,PASS
SBIN,compounded_profit_growth,10,14.0,16.72896493162048,2.7289649316204816,PASS
SBIN,compounded_profit_growth,5,18.0,83.4069542329295,65.4069542329295,REVIEW
SBIN,compounded_profit_growth,3,16.0,42.78783556410384,26.787835564103837,REVIEW
SBIN,stock_price_cagr,10,15.0,,,NOT_COMPARABLE
SBIN,stock_price_cagr,5,20.0,,,NOT_COMPARABLE
SBIN,stock_price_cagr,3,18.0,,,NOT_COMPARABLE
SBIN,roe,10,18.0,396.92473652217836,378.92473652217836,REVIEW
SBIN,roe,5,20.0,396.92473652217836,376.92473652217836,REVIEW
SBIN,roe,3,22.0,396.92473652217836,374.92473652217836,REVIEW
TATACONSUM,compounded_sales_growth,10,12.0,6.988876278201839,5.011123721798161,REVIEW
TATACONSUM,compounded_sales_growth,5,15.0,15.96086282879563,0.96086282879563,PASS
TATACONSUM,compounded_sales_growth,3,14.0,9.436125385661253,4.563874614338747,PASS
TATACONSUM,compounded_profit_growth,10,14.0,9.068818893153164,4.931181106846836,PASS
TATACONSUM,compounded_profit_growth,5,18.0,21.59956338772886,3.5995633877288604,PASS
TATACONSUM,compounded_profit_growth,3,16.0,9.319535187362149,6.680464812637851,REVIEW
TATACONSUM,stock_price_cagr,10,15.0,,,NOT_COMPARABLE
TATACONSUM,stock_price_cagr,5,20.0,,,NOT_COMPARABLE
TATACONSUM,stock_price_cagr,3,18.0,,,NOT_COMPARABLE
TATACONSUM,roe,10,18.0,7.566793298872766,10.433206701127233,REVIEW
TATACONSUM,roe,5,20.0,7.566793298872766,12.433206701127233,REVIEW
TATACONSUM,roe,3,22.0,7.566793298872766,14.433206701127233,REVIEW
RECLTD,compounded_sales_growth,10,12.0,10.68124131180972,1.3187586881902806,PASS
RECLTD,compounded_sales_growth,5,15.0,13.338042247865678,1.661957752134322,PASS
RECLTD,compounded_sales_growth,3,14.0,10.147497322590194,3.852502677409806,PASS
RECLTD,compounded_profit_growth,10,14.0,11.5509567899718,2.4490432100282007,PASS
RECLTD,compounded_profit_growth,5,18.0,19.763114350230794,1.7631143502307935,PASS
RECLTD,compounded_profit_growth,3,16.0,19.07507541943736,3.0750754194373613,PASS
RECLTD,stock_price_cagr,10,15.0,,,NOT_COMPARABLE
RECLTD,stock_price_cagr,5,20.0,,,NOT_COMPARABLE
RECLTD,stock_price_cagr,3,18.0,,,NOT_COMPARABLE
RECLTD,roe,10,18.0,20.39653929343908,2.39653929343908,PASS
RECLTD,roe,5,20.0,20.39653929343908,0.3965392934390799,PASS
RECLTD,roe,3,22.0,20.39653929343908,1.60346070656092,PASS
LODHA,compounded_sales_growth,10,12.0,,,NOT_COMPARABLE
LODHA,compounded_sales_growth,5,15.0,-2.8278535641862446,17.827853564186245,REVIEW
LODHA,compounded_sales_growth,3,14.0,23.70811095275156,9.70811095275156,REVIEW
LODHA,compounded_profit_growth,10,14.0,,,NOT_COMPARABLE
LODHA,compounded_profit_growth,5,18.0,-1.119685230740497,19.119685230740497,REVIEW
LODHA,compounded_profit_growth,3,16.0,218.7155543964547,202.7155543964547,REVIEW
LODHA,stock_price_cagr,10,15.0,,,NOT_COMPARABLE
LODHA,stock_price_cagr,5,20.0,,,NOT_COMPARABLE
LODHA,stock_price_cagr,3,18.0,,,NOT_COMPARABLE
LODHA,roe,10,18.0,8.895758200240426,9.104241799759574,REVIEW
LODHA,roe,5,20.0,8.895758200240426,11.104241799759574,REVIEW
LODHA,roe,3,22.0,8.895758200240426,13.104241799759574,REVIEW
MAZDOCK,compounded_sales_growth,10,12.0,,,NOT_COMPARABLE
MAZDOCK,compounded_sales_growth,5,15.0,,,NOT_COMPARABLE
MAZDOCK,compounded_sales_growth,3,14.0,-16.62355096567174,30.62355096567174,REVIEW
MAZDOCK,compounded_profit_growth,10,14.0,,,NOT_COMPARABLE
MAZDOCK,compounded_profit_growth,5,18.0,,,NOT_COMPARABLE
MAZDOCK,compounded_profit_growth,3,16.0,-0.23605051772976893,16.23605051772977,REVIEW
MAZDOCK,stock_price_cagr,10,15.0,,,NOT_COMPARABLE
MAZDOCK,stock_price_cagr,5,20.0,,,NOT_COMPARABLE
MAZDOCK,stock_price_cagr,3,18.0,,,NOT_COMPARABLE
MAZDOCK,roe,10,18.0,49.99145638922599,31.991456389225988,REVIEW
MAZDOCK,roe,5,20.0,49.99145638922599,29.991456389225988,REVIEW
MAZDOCK,roe,3,22.0,49.99145638922599,27.991456389225988,REVIEW
DIVISLAB,compounded_sales_growth,10,12.0,11.972899602171317,0.027100397828682787,PASS
DIVISLAB,compounded_sales_growth,5,15.0,9.664930361854074,5.335069638145926,REVIEW
DIVISLAB,compounded_sales_growth,3,14.0,4.025743333608478,9.974256666391522,REVIEW
DIVISLAB,compounded_profit_growth,10,14.0,7.545947187802726,6.454052812197274,REVIEW
DIVISLAB,compounded_profit_growth,5,18.0,3.4104521925080844,14.589547807491915,REVIEW
DIVISLAB,compounded_profit_growth,3,16.0,-6.919343378939391,22.91934337893939,REVIEW
DIVISLAB,stock_price_cagr,10,15.0,,,NOT_COMPARABLE
DIVISLAB,stock_price_cagr,5,20.0,,,NOT_COMPARABLE
DIVISLAB,stock_price_cagr,3,18.0,,,NOT_COMPARABLE
DIVISLAB,roe,10,18.0,11.78984599513669,6.210154004863311,REVIEW
DIVISLAB,roe,5,20.0,11.78984599513669,8.21015400486331,REVIEW
DIVISLAB,roe,3,22.0,11.78984599513669,10.21015400486331,REVIEW
MUTHOOTFIN,compounded_sales_growth,10,12.0,,,NOT_COMPARABLE
MUTHOOTFIN,compounded_sales_growth,5,15.0,,,NOT_COMPARABLE
MUTHOOTFIN,compounded_sales_growth,3,14.0,-9.89759427324497,23.89759427324497,REVIEW
MUTHOOTFIN,compounded_profit_growth,10,14.0,,,NOT_COMPARABLE
MUTHOOTFIN,compounded_profit_growth,5,18.0,,,NOT_COMPARABLE
MUTHOOTFIN,compounded_profit_growth,3,16.0,-4.82128771096022,20.82128771096022,REVIEW
MUTHOOTFIN,stock_price_cagr,10,15.0,,,NOT_COMPARABLE
MUTHOOTFIN,stock_price_cagr,5,20.0,,,NOT_COMPARABLE
MUTHOOTFIN,stock_price_cagr,3,18.0,,,NOT_COMPARABLE
MUTHOOTFIN,roe,10,18.0,29.531482305101974,11.531482305101974,REVIEW
MUTHOOTFIN,roe,5,20.0,29.531482305101974,9.531482305101974,REVIEW
MUTHOOTFIN,roe,3,22.0,29.531482305101974,7.531482305101974,REVIEW
MAXHEALTH,compounded_sales_growth,10,12.0,,,NOT_COMPARABLE
MAXHEALTH,compounded_sales_growth,5,15.0,,,NOT_COMPARABLE
MAXHEALTH,compounded_sales_growth,3,14.0,-6.780010759823451,20.78001075982345,REVIEW
MAXHEALTH,compounded_profit_growth,10,14.0,,,NOT_COMPARABLE
MAXHEALTH,compounded_profit_growth,5,18.0,,,NOT_COMPARABLE
MAXHEALTH,compounded_profit_growth,3,16.0,-19.265997937972756,35.265997937972756,REVIEW
MAXHEALTH,stock_price_cagr,10,15.0,,,NOT_COMPARABLE
MAXHEALTH,stock_price_cagr,5,20.0,,,NOT_COMPARABLE
MAXHEALTH,stock_price_cagr,3,18.0,,,NOT_COMPARABLE
MAXHEALTH,roe,10,18.0,20.682189387321,2.6821893873209994,PASS
MAXHEALTH,roe,5,20.0,20.682189387321,0.6821893873209994,PASS
MAXHEALTH,roe,3,22.0,20.682189387321,1.3178106126790006,PASS
UNIONBANK,compounded_sales_growth,10,12.0,13.067325512094307,1.0673255120943068,PASS
UNIONBANK,compounded_sales_growth,5,15.0,23.945769366938308,8.945769366938308,REVIEW
UNIONBANK,compounded_sales_growth,3,14.0,13.13819352004819,0.8618064799518095,PASS
UNIONBANK,compounded_profit_growth,10,14.0,23.386304826378314,9.386304826378314,REVIEW
UNIONBANK,compounded_profit_growth,5,18.0,,,NOT_COMPARABLE
UNIONBANK,compounded_profit_growth,3,16.0,68.90964095388033,52.90964095388033,REVIEW
UNIONBANK,stock_price_cagr,10,15.0,,,NOT_COMPARABLE
UNIONBANK,stock_price_cagr,5,20.0,,,NOT_COMPARABLE
UNIONBANK,stock_price_cagr,3,18.0,,,NOT_COMPARABLE
UNIONBANK,roe,10,18.0,14.136560175413432,3.8634398245865675,PASS
UNIONBANK,roe,5,20.0,14.136560175413432,5.8634398245865675,REVIEW
UNIONBANK,roe,3,22.0,14.136560175413432,7.8634398245865675,REVIEW
MARUTI,compounded_sales_growth,10,12.0,12.2815532690568,0.28155326905680056,PASS
MARUTI,compounded_sales_growth,5,15.0,10.510215112642584,4.489784887357416,PASS
MARUTI,compounded_sales_growth,3,14.0,26.323644326166008,12.323644326166008,REVIEW
MARUTI,compounded_profit_growth,10,14.0,16.801752458674525,2.8017524586745246,PASS
MARUTI,compounded_profit_growth,5,18.0,12.007182039300378,5.992817960699622,REVIEW
MARUTI,compounded_profit_growth,3,16.0,45.387585949345265,29.387585949345265,REVIEW
MARUTI,stock_price_cagr,10,15.0,,,NOT_COMPARABLE
MARUTI,stock_price_cagr,5,20.0,,,NOT_COMPARABLE
MARUTI,stock_price_cagr,3,18.0,,,NOT_COMPARABLE
MARUTI,roe,10,18.0,15.750385351954785,2.249614648045215,PASS
MARUTI,roe,5,20.0,15.750385351954785,4.249614648045215,PASS
MARUTI,roe,3,22.0,15.750385351954785,6.249614648045215,REVIEW
SIEMENS,compounded_sales_growth,10,12.0,7.612937546261267,4.387062453738733,PASS
SIEMENS,compounded_sales_growth,5,15.0,11.193358902067896,3.806641097932104,PASS
SIEMENS,compounded_sales_growth,3,14.0,18.998700727442852,4.998700727442852,PASS
SIEMENS,compounded_profit_growth,10,14.0,16.250067578355253,2.250067578355253,PASS
SIEMENS,compounded_profit_growth,5,18.0,19.85339817550189,1.8533981755018907,PASS
SIEMENS,compounded_profit_growth,3,16.0,35.646062247422265,19.646062247422265,REVIEW
SIEMENS,stock_price_cagr,10,15.0,,,NOT_COMPARABLE
SIEMENS,stock_price_cagr,5,20.0,,,NOT_COMPARABLE
SIEMENS,stock_price_cagr,3,18.0,,,NOT_COMPARABLE
SIEMENS,roe,10,18.0,17.698769290877124,0.3012307091228763,PASS
SIEMENS,roe,5,20.0,17.698769290877124,2.3012307091228763,PASS
SIEMENS,roe,3,22.0,17.698769290877124,4.301230709122876,PASS
LT,compounded_sales_growth,10,12.0,10.02514597108597,1.9748540289140308,PASS
LT,compounded_sales_growth,5,15.0,10.335347989682408,4.664652010317592,PASS
LT,compounded_sales_growth,3,14.0,17.592821624288746,3.592821624288746,PASS
LT,compounded_profit_growth,10,14.0,12.273743409690363,1.726256590309637,PASS
LT,compounded_profit_growth,5,18.0,8.75885858017449,9.24114141982551,REVIEW
LT,compounded_profit_growth,3,16.0,6.361264204860495,9.638735795139505,REVIEW
LT,stock_price_cagr,10,15.0,,,NOT_COMPARABLE
LT,stock_price_cagr,5,20.0,,,NOT_COMPARABLE
LT,stock_price_cagr,3,18.0,,,NOT_COMPARABLE
LT,roe,10,18.0,77.66510140873214,59.66510140873214,REVIEW
LT,roe,5,20.0,77.66510140873214,57.66510140873214,REVIEW
LT,roe,3,22.0,77.66510140873214,55.66510140873214,REVIEW
NESTLEIND,compounded_sales_growth,10,12.0,9.487020936359048,2.5129790636409517,PASS
NESTLEIND,compounded_sales_growth,5,15.0,14.548573711802671,0.4514262881973288,PASS
NESTLEIND,compounded_sales_growth,3,14.0,18.282008662499027,4.2820086624990275,PASS
NESTLEIND,compounded_profit_growth,10,14.0,12.745848564103014,1.2541514358969863,PASS
NESTLEIND,compounded_profit_growth,5,18.0,14.852319512993839,3.147680487006161,PASS
NESTLEIND,compounded_profit_growth,3,16.0,22.913427743605965,6.913427743605965,REVIEW
NESTLEIND,stock_price_cagr,10,15.0,,,NOT_COMPARABLE
NESTLEIND,stock_price_cagr,5,20.0,,,NOT_COMPARABLE
NESTLEIND,stock_price_cagr,3,18.0,,,NOT_COMPARABLE
NESTLEIND,roe,10,18.0,117.75449101796407,99.75449101796407,REVIEW
NESTLEIND,roe,5,20.0,117.75449101796407,97.75449101796407,REVIEW
NESTLEIND,roe,3,22.0,117.75449101796407,95.75449101796407,REVIEW
MOTHERSON,compounded_sales_growth,10,12.0,12.491793471295164,0.49179347129516415,PASS
MOTHERSON,compounded_sales_growth,5,15.0,9.21195713294276,5.788042867057239,REVIEW
MOTHERSON,compounded_sales_growth,3,14.0,19.82084189180693,5.8208418918069285,REVIEW
MOTHERSON,compounded_profit_growth,10,14.0,10.657290360127636,3.342709639872364,PASS
MOTHERSON,compounded_profit_growth,5,18.0,7.557399109099472,10.442600890900529,REVIEW
MOTHERSON,compounded_profit_growth,3,16.0,24.392634688314452,8.392634688314452,REVIEW
MOTHERSON,stock_price_cagr,10,15.0,,,NOT_COMPARABLE
MOTHERSON,stock_price_cagr,5,20.0,,,NOT_COMPARABLE
MOTHERSON,stock_price_cagr,3,18.0,,,NOT_COMPARABLE
MOTHERSON,roe,10,18.0,11.546549416937488,6.453450583062512,REVIEW
MOTHERSON,roe,5,20.0,11.546549416937488,8.453450583062512,REVIEW
MOTHERSON,roe,3,22.0,11.546549416937488,10.453450583062512,REVIEW
ICICIBANK,compounded_sales_growth,10,12.0,12.41864172369489,0.41864172369488983,PASS
ICICIBANK,compounded_sales_growth,5,15.0,17.25086850260209,2.2508685026020885,PASS
ICICIBANK,compounded_sales_growth,3,14.0,21.39660074377121,7.396600743771209,REVIEW
ICICIBANK,compounded_profit_growth,10,14.0,14.714696775470282,0.7146967754702818,PASS
ICICIBANK,compounded_profit_growth,5,18.0,51.94877118224903,33.94877118224903,REVIEW
ICICIBANK,compounded_profit_growth,3,16.0,31.28635844345755,15.286358443457551,REVIEW
ICICIBANK,stock_price_cagr,10,15.0,,,NOT_COMPARABLE
ICICIBANK,stock_price_cagr,5,20.0,,,NOT_COMPARABLE
ICICIBANK,stock_price_cagr,3,18.0,,,NOT_COMPARABLE
ICICIBANK,roe,10,18.0,17.99027109750765,0.009728902492348368,PASS
ICICIBANK,roe,5,20.0,17.99027109750765,2.0097289024923484,PASS
ICICIBANK,roe,3,22.0,17.99027109750765,4.009728902492348,PASS
HINDZINC,compounded_sales_growth,10,12.0,,,NOT_COMPARABLE
HINDZINC,compounded_sales_growth,5,15.0,,,NOT_COMPARABLE
HINDZINC,compounded_sales_growth,3,14.0,8.733634888266305,5.266365111733695,REVIEW
HINDZINC,compounded_profit_growth,10,14.0,,,NOT_COMPARABLE
HINDZINC,compounded_profit_growth,5,18.0,,,NOT_COMPARABLE
HINDZINC,compounded_profit_growth,3,16.0,4.5444793545636575,11.455520645436343,REVIEW
HINDZINC,stock_price_cagr,10,15.0,,,NOT_COMPARABLE
HINDZINC,stock_price_cagr,5,20.0,,,NOT_COMPARABLE
HINDZINC,stock_price_cagr,3,18.0,,,NOT_COMPARABLE
HINDZINC,roe,10,18.0,264.8502270081708,246.8502270081708,REVIEW
HINDZINC,roe,5,20.0,264.8502270081708,244.8502270081708,REVIEW
HINDZINC,roe,3,22.0,264.8502270081708,242.8502270081708,REVIEW
GAIL,compounded_sales_growth,10,12.0,7.990438901094743,4.009561098905257,PASS
GAIL,compounded_sales_growth,5,15.0,11.825154521824267,3.174845478175733,PASS
GAIL,compounded_sales_growth,3,14.0,32.42353373080278,18.42353373080278,REVIEW
GAIL,compounded_profit_growth,10,14.0,7.54232179343064,6.45767820656936,REVIEW
GAIL,compounded_profit_growth,5,18.0,8.608876760374562,9.391123239625438,REVIEW
GAIL,compounded_profit_growth,3,16.0,17.25429359158057,1.25429359158057,PASS
GAIL,stock_price_cagr,10,15.0,,,NOT_COMPARABLE
GAIL,stock_price_cagr,5,20.0,,,NOT_COMPARABLE
GAIL,stock_price_cagr,3,18.0,,,NOT_COMPARABLE
GAIL,roe,10,18.0,12.861540060002339,5.138459939997661,REVIEW
GAIL,roe,5,20.0,12.861540060002339,7.138459939997661,REVIEW
GAIL,roe,3,22.0,12.861540060002339,9.138459939997661,REVIEW
TITAN,compounded_sales_growth,10,12.0,16.675157366300255,4.675157366300255,PASS
TITAN,compounded_sales_growth,5,15.0,20.897163953120245,5.897163953120245,REVIEW
TITAN,compounded_sales_growth,3,14.0,33.14221885428872,19.14221885428872,REVIEW
TITAN,compounded_profit_growth,10,14.0,16.876825851348286,2.8768258513482863,PASS
TITAN,compounded_profit_growth,5,18.0,20.274576296793036,2.274576296793036,PASS
TITAN,compounded_profit_growth,3,16.0,53.11021124836826,37.11021124836826,REVIEW
TITAN,stock_price_cagr,10,15.0,,,NOT_COMPARABLE
TITAN,stock_price_cagr,5,20.0,,,NOT_COMPARABLE
TITAN,stock_price_cagr,3,18.0,,,NOT_COMPARABLE
TITAN,roe,10,18.0,37.2192057915469,19.219205791546898,REVIEW
TITAN,roe,5,20.0,37.2192057915469,17.219205791546898,REVIEW
TITAN,roe,3,22.0,37.2192057915469,15.219205791546898,REVIEW
BAJAJ-AUTO,compounded_sales_growth,10,12.0,8.341820762984753,3.658179237015247,PASS
BAJAJ-AUTO,compounded_sales_growth,5,15.0,8.127604751021389,6.872395248978611,REVIEW
BAJAJ-AUTO,compounded_sales_growth,3,14.0,17.384652616671946,3.3846526166719464,PASS
BAJAJ-AUTO,compounded_profit_growth,10,14.0,8.59316738465321,5.40683261534679,REVIEW
BAJAJ-AUTO,compounded_profit_growth,5,18.0,9.358917170384974,8.641082829615026,REVIEW
BAJAJ-AUTO,compounded_profit_growth,3,16.0,16.642781522818396,0.642781522818396,PASS
BAJAJ-AUTO,stock_price_cagr,10,15.0,,,NOT_COMPARABLE
BAJAJ-AUTO,stock_price_cagr,5,20.0,,,NOT_COMPARABLE
BAJAJ-AUTO,stock_price_cagr,3,18.0,,,NOT_COMPARABLE
BAJAJ-AUTO,roe,10,18.0,26.61418410330778,8.614184103307782,REVIEW
BAJAJ-AUTO,roe,5,20.0,26.61418410330778,6.614184103307782,REVIEW
BAJAJ-AUTO,roe,3,22.0,26.61418410330778,4.614184103307782,PASS
GODREJCP,compounded_sales_growth,10,12.0,6.3736213937384045,5.6263786062615955,REVIEW
GODREJCP,compounded_sales_growth,5,15.0,6.447080048592069,8.552919951407931,REVIEW
GODREJCP,compounded_sales_growth,3,14.0,8.522532034887087,5.477467965112913,REVIEW
GODREJCP,compounded_profit_growth,10,14.0,,,NOT_COMPARABLE
GODREJCP,compounded_profit_growth,5,18.0,,,NOT_COMPARABLE
GODREJCP,compounded_profit_growth,3,16.0,,,NOT_COMPARABLE
GODREJCP,stock_price_cagr,10,15.0,,,NOT_COMPARABLE
GODREJCP,stock_price_cagr,5,20.0,,,NOT_COMPARABLE
GODREJCP,stock_price_cagr,3,18.0,,,NOT_COMPARABLE
GODREJCP,roe,10,18.0,-4.45308779171297,22.45308779171297,REVIEW
GODREJCP,roe,5,20.0,-4.45308779171297,24.45308779171297,REVIEW
GODREJCP,roe,3,22.0,-4.45308779171297,26.45308779171297,REVIEW
ASIANPAINT,compounded_sales_growth,10,12.0,11.25245350301849,0.74754649698151,PASS
ASIANPAINT,compounded_sales_growth,5,15.0,13.029660349453076,1.970339650546924,PASS
ASIANPAINT,compounded_sales_growth,3,14.0,17.801037676951047,3.801037676951047,PASS
ASIANPAINT,compounded_profit_growth,10,14.0,15.971565352132288,1.9715653521322878,PASS
ASIANPAINT,compounded_profit_growth,5,18.0,20.277362101955056,2.277362101955056,PASS
ASIANPAINT,compounded_profit_growth,3,16.0,20.117567163333238,4.117567163333238,PASS
ASIANPAINT,stock_price_cagr,10,15.0,,,NOT_COMPARABLE
ASIANPAINT,stock_price_cagr,5,20.0,,,NOT_COMPARABLE
ASIANPAINT,stock_price_cagr,3,18.0,,,NOT_COMPARABLE
ASIANPAINT,roe,10,18.0,29.677488252883382,11.677488252883382,REVIEW
ASIANPAINT,roe,5,20.0,29.677488252883382,9.677488252883382,REVIEW
ASIANPAINT,roe,3,22.0,29.677488252883382,7.677488252883382,REVIEW
EICHERMOT,compounded_sales_growth,10,12.0,6.586411864952746,5.413588135047254,REVIEW
EICHERMOT,compounded_sales_growth,5,15.0,11.036936496739692,3.963063503260308,PASS
EICHERMOT,compounded_sales_growth,3,14.0,23.776441520116,9.776441520115998,REVIEW
EICHERMOT,compounded_profit_growth,10,14.0,19.00991470281268,5.009914702812679,REVIEW
EICHERMOT,compounded_profit_growth,5,18.0,12.675841665377696,5.324158334622304,REVIEW
EICHERMOT,compounded_profit_growth,3,16.0,43.747506025200565,27.747506025200565,REVIEW
EICHERMOT,stock_price_cagr,10,15.0,,,NOT_COMPARABLE
EICHERMOT,stock_price_cagr,5,20.0,,,NOT_COMPARABLE
EICHERMOT,stock_price_cagr,3,18.0,,,NOT_COMPARABLE
EICHERMOT,roe,10,18.0,22.172346910501524,4.172346910501524,PASS
EICHERMOT,roe,5,20.0,22.172346910501524,2.172346910501524,PASS
EICHERMOT,roe,3,22.0,22.172346910501524,0.17234691050152406,PASS
BANKBARODA,compounded_sales_growth,10,12.0,11.33242243391459,0.6675775660854093,PASS
BANKBARODA,compounded_sales_growth,5,15.0,17.477297665890944,2.4772976658909442,PASS
BANKBARODA,compounded_sales_growth,3,14.0,16.788839489625307,2.788839489625307,PASS
BANKBARODA,compounded_profit_growth,10,14.0,14.121196486586761,0.12119648658676141,PASS
BANKBARODA,compounded_profit_growth,5,18.0,74.50588066551305,56.50588066551305,REVIEW
BANKBARODA,compounded_profit_growth,3,16.0,126.679000994827,110.679000994827,REVIEW
BANKBARODA,stock_price_cagr,10,15.0,,,NOT_COMPARABLE
BANKBARODA,stock_price_cagr,5,20.0,,,NOT_COMPARABLE
BANKBARODA,stock_price_cagr,3,18.0,,,NOT_COMPARABLE
BANKBARODA,roe,10,18.0,15.761863790899902,2.238136209100098,PASS
BANKBARODA,roe,5,20.0,15.761863790899902,4.238136209100098,PASS
BANKBARODA,roe,3,22.0,15.761863790899902,6.238136209100098,REVIEW
DRREDDY,compounded_sales_growth,10,12.0,7.640025915260695,4.359974084739305,PASS
DRREDDY,compounded_sales_growth,5,15.0,12.639644349571988,2.360355650428012,PASS
DRREDDY,compounded_sales_growth,3,14.0,13.71726615103832,0.28273384896167997,PASS
DRREDDY,compounded_profit_growth,10,14.0,11.008394366816532,2.991605633183468,PASS
DRREDDY,compounded_profit_growth,5,18.0,23.392504645437473,5.392504645437473,REVIEW
DRREDDY,compounded_profit_growth,3,16.0,41.90561020689674,25.90561020689674,REVIEW
DRREDDY,stock_price_cagr,10,15.0,,,NOT_COMPARABLE
DRREDDY,stock_price_cagr,5,20.0,,,NOT_COMPARABLE
DRREDDY,stock_price_cagr,3,18.0,,,NOT_COMPARABLE
DRREDDY,roe,10,18.0,19.74233736816026,1.7423373681602605,PASS
DRREDDY,roe,5,20.0,19.74233736816026,0.2576626318397395,PASS
DRREDDY,roe,3,22.0,19.74233736816026,2.2576626318397395,PASS
BHARTIARTL,compounded_sales_growth,10,12.0,5.735981845577776,6.264018154422224,REVIEW
BHARTIARTL,compounded_sales_growth,5,15.0,13.17410230151459,1.8258976984854094,PASS
BHARTIARTL,compounded_sales_growth,3,14.0,14.232767250604962,0.23276725060496162,PASS
BHARTIARTL,compounded_profit_growth,10,14.0,10.981583453663312,3.018416546336688,PASS
BHARTIARTL,compounded_profit_growth,5,18.0,38.35662769365473,20.35662769365473,REVIEW
BHARTIARTL,compounded_profit_growth,3,16.0,,,NOT_COMPARABLE
BHARTIARTL,stock_price_cagr,10,15.0,,,NOT_COMPARABLE
BHARTIARTL,stock_price_cagr,5,20.0,,,NOT_COMPARABLE
BHARTIARTL,stock_price_cagr,3,18.0,,,NOT_COMPARABLE
BHARTIARTL,roe,10,18.0,10.35839213740181,7.641607862598191,REVIEW
BHARTIARTL,roe,5,20.0,10.35839213740181,9.64160786259819,REVIEW
BHARTIARTL,roe,3,22.0,10.35839213740181,11.64160786259819,REVIEW
ADANIGREEN,compounded_sales_growth,10,12.0,,,NOT_COMPARABLE
ADANIGREEN,compounded_sales_growth,5,15.0,34.976172926382844,19.976172926382844,REVIEW
ADANIGREEN,compounded_sales_growth,3,14.0,43.44099813858789,29.440998138587887,REVIEW
ADANIGREEN,compounded_profit_growth,10,14.0,,,NOT_COMPARABLE
ADANIGREEN,compounded_profit_growth,5,18.0,,,NOT_COMPARABLE
ADANIGREEN,compounded_profit_growth,3,16.0,90.58982840512462,74.58982840512462,REVIEW
ADANIGREEN,stock_price_cagr,10,15.0,,,NOT_COMPARABLE
ADANIGREEN,stock_price_cagr,5,20.0,,,NOT_COMPARABLE
ADANIGREEN,stock_price_cagr,3,18.0,,,NOT_COMPARABLE
ADANIGREEN,roe,10,18.0,12.812690665039659,5.187309334960341,REVIEW
ADANIGREEN,roe,5,20.0,12.812690665039659,7.187309334960341,REVIEW
ADANIGREEN,roe,3,22.0,12.812690665039659,9.187309334960341,REVIEW
COALINDIA,compounded_sales_growth,10,12.0,7.261143616999366,4.738856383000634,PASS
COALINDIA,compounded_sales_growth,5,15.0,7.402890725901301,7.597109274098699,REVIEW
COALINDIA,compounded_sales_growth,3,14.0,16.493956528516662,2.4939565285166623,PASS
COALINDIA,compounded_profit_growth,10,14.0,9.476008121750844,4.523991878249156,PASS
COALINDIA,compounded_profit_growth,5,18.0,16.43231987118112,1.5676801288188784,PASS
COALINDIA,compounded_profit_growth,3,16.0,43.28908935217686,27.28908935217686,REVIEW
COALINDIA,stock_price_cagr,10,15.0,,,NOT_COMPARABLE
COALINDIA,stock_price_cagr,5,20.0,,,NOT_COMPARABLE
COALINDIA,stock_price_cagr,3,18.0,,,NOT_COMPARABLE
COALINDIA,roe,10,18.0,45.16982956605826,27.16982956605826,REVIEW
COALINDIA,roe,5,20.0,45.16982956605826,25.16982956605826,REVIEW
COALINDIA,roe,3,22.0,45.16982956605826,23.16982956605826,REVIEW
ETERNAL,compounded_sales_growth,10,12.0,,,NOT_COMPARABLE
ETERNAL,compounded_sales_growth,5,15.0,,,NOT_COMPARABLE
ETERNAL,compounded_sales_growth,3,14.0,6.6289754729174755,7.3710245270825245,REVIEW
ETERNAL,compounded_profit_growth,10,14.0,,,NOT_COMPARABLE
ETERNAL,compounded_profit_growth,5,18.0,,,NOT_COMPARABLE
ETERNAL,compounded_profit_growth,3,16.0,12.050466669251492,3.9495333307485083,PASS
ETERNAL,stock_price_cagr,10,15.0,,,NOT_COMPARABLE
ETERNAL,stock_price_cagr,5,20.0,,,NOT_COMPARABLE
ETERNAL,stock_price_cagr,3,18.0,,,NOT_COMPARABLE
ETERNAL,roe,10,18.0,144.49940509104368,126.49940509104368,REVIEW
ETERNAL,roe,5,20.0,144.49940509104368,124.49940509104368,REVIEW
ETERNAL,roe,3,22.0,144.49940509104368,122.49940509104368,REVIEW
SHRIRAMFIN,compounded_sales_growth,10,12.0,15.684912864219292,3.6849128642192923,PASS
SHRIRAMFIN,compounded_sales_growth,5,15.0,18.556070052776754,3.5560700527767537,PASS
SHRIRAMFIN,compounded_sales_growth,3,14.0,27.82625310142639,13.826253101426389,REVIEW
SHRIRAMFIN,compounded_profit_growth,10,14.0,18.47516596168881,4.475165961688809,PASS
SHRIRAMFIN,compounded_profit_growth,5,18.0,23.49387942502037,5.493879425020371,REVIEW
SHRIRAMFIN,compounded_profit_growth,3,16.0,43.59376752249222,27.59376752249222,REVIEW
SHRIRAMFIN,stock_price_cagr,10,15.0,,,NOT_COMPARABLE
SHRIRAMFIN,stock_price_cagr,5,20.0,,,NOT_COMPARABLE
SHRIRAMFIN,stock_price_cagr,3,18.0,,,NOT_COMPARABLE
SHRIRAMFIN,roe,10,18.0,15.116350338120824,2.8836496618791756,PASS
SHRIRAMFIN,roe,5,20.0,15.116350338120824,4.883649661879176,PASS
SHRIRAMFIN,roe,3,22.0,15.116350338120824,6.883649661879176,REVIEW
BAJAJFINSV,compounded_sales_growth,10,12.0,33.754542295740954,21.754542295740954,REVIEW
BAJAJFINSV,compounded_sales_growth,5,15.0,20.97274568418761,5.972745684187611,REVIEW
BAJAJFINSV,compounded_sales_growth,3,14.0,22.131490415528443,8.131490415528443,REVIEW
BAJAJFINSV,compounded_profit_growth,10,14.0,21.684230519873758,7.684230519873758,REVIEW
BAJAJFINSV,compounded_profit_growth,5,18.0,23.74781614270227,5.74781614270227,REVIEW
BAJAJFINSV,compounded_profit_growth,3,16.0,28.399964328592418,12.399964328592418,REVIEW
BAJAJFINSV,stock_price_cagr,10,15.0,,,NOT_COMPARABLE
BAJAJFINSV,stock_price_cagr,5,20.0,,,NOT_COMPARABLE
BAJAJFINSV,stock_price_cagr,3,18.0,,,NOT_COMPARABLE
BAJAJFINSV,roe,10,18.0,25.850351412279537,7.850351412279537,REVIEW
BAJAJFINSV,roe,5,20.0,25.850351412279537,5.850351412279537,REVIEW
BAJAJFINSV,roe,3,22.0,25.850351412279537,3.8503514122795366,PASS
SOLARINDS,compounded_sales_growth,10,12.0,,,NOT_COMPARABLE
SOLARINDS,compounded_sales_growth,5,15.0,,,NOT_COMPARABLE
SOLARINDS,compounded_sales_growth,3,14.0,-38.32683256846982,52.32683256846982,REVIEW
SOLARINDS,compounded_profit_growth,10,14.0,,,NOT_COMPARABLE
SOLARINDS,compounded_profit_growth,5,18.0,,,NOT_COMPARABLE
SOLARINDS,compounded_profit_growth,3,16.0,-43.125873499901125,59.125873499901125,REVIEW
SOLARINDS,stock_price_cagr,10,15.0,,,NOT_COMPARABLE
SOLARINDS,stock_price_cagr,5,20.0,,,NOT_COMPARABLE
SOLARINDS,stock_price_cagr,3,18.0,,,NOT_COMPARABLE
SOLARINDS,roe,10,18.0,5.9720919559105115,12.02790804408949,REVIEW
SOLARINDS,roe,5,20.0,5.9720919559105115,14.02790804408949,REVIEW
SOLARINDS,roe,3,22.0,5.9720919559105115,16.02790804408949,REVIEW
TRENT,compounded_sales_growth,10,12.0,18.15797703617492,6.15797703617492,REVIEW
TRENT,compounded_sales_growth,5,15.0,36.30691600183056,21.306916001830558,REVIEW
TRENT,compounded_sales_growth,3,14.0,68.36335197744833,54.36335197744833,REVIEW
TRENT,compounded_profit_growth,10,14.0,,,NOT_COMPARABLE
TRENT,compounded_profit_growth,5,18.0,73.11367578503176,55.11367578503176,REVIEW
TRENT,compounded_profit_growth,3,16.0,,,NOT_COMPARABLE
TRENT,stock_price_cagr,10,15.0,,,NOT_COMPARABLE
TRENT,stock_price_cagr,5,20.0,,,NOT_COMPARABLE
TRENT,stock_price_cagr,3,18.0,,,NOT_COMPARABLE
TRENT,roe,10,18.0,36.30776794493609,18.30776794493609,REVIEW
TRENT,roe,5,20.0,36.30776794493609,16.30776794493609,REVIEW
TRENT,roe,3,22.0,36.30776794493609,14.307767944936089,REVIEW
ADANIENSOL,compounded_sales_growth,10,12.0,,,NOT_COMPARABLE
ADANIENSOL,compounded_sales_growth,5,15.0,17.85124994851739,2.8512499485173883,PASS
ADANIENSOL,compounded_sales_growth,3,14.0,18.715011322879892,4.715011322879892,PASS
ADANIENSOL,compounded_profit_growth,10,14.0,,,NOT_COMPARABLE
ADANIENSOL,compounded_profit_growth,5,18.0,16.42972571572392,1.5702742842760813,PASS
ADANIENSOL,compounded_profit_growth,3,16.0,-2.4904490462308027,18.490449046230804,REVIEW
ADANIENSOL,stock_price_cagr,10,15.0,,,NOT_COMPARABLE
ADANIENSOL,stock_price_cagr,5,20.0,,,NOT_COMPARABLE
ADANIENSOL,stock_price_cagr,3,18.0,,,NOT_COMPARABLE
ADANIENSOL,roe,10,18.0,9.461276797721698,8.538723202278302,REVIEW
ADANIENSOL,roe,5,20.0,9.461276797721698,10.538723202278302,REVIEW
ADANIENSOL,roe,3,22.0,9.461276797721698,12.538723202278302,REVIEW
INDHOTEL,compounded_sales_growth,10,12.0,,,NOT_COMPARABLE
INDHOTEL,compounded_sales_growth,5,15.0,,,NOT_COMPARABLE
INDHOTEL,compounded_sales_growth,3,14.0,-13.140442532212093,27.14044253221209,REVIEW
INDHOTEL,compounded_profit_growth,10,14.0,,,NOT_COMPARABLE
INDHOTEL,compounded_profit_growth,5,18.0,,,NOT_COMPARABLE
INDHOTEL,compounded_profit_growth,3,16.0,-10.557816583618084,26.557816583618084,REVIEW
INDHOTEL,stock_price_cagr,10,15.0,,,NOT_COMPARABLE
INDHOTEL,stock_price_cagr,5,20.0,,,NOT_COMPARABLE
INDHOTEL,stock_price_cagr,3,18.0,,,NOT_COMPARABLE
INDHOTEL,roe,10,18.0,18.515480848139703,0.5154808481397026,PASS
INDHOTEL,roe,5,20.0,18.515480848139703,1.4845191518602974,PASS
INDHOTEL,roe,3,22.0,18.515480848139703,3.4845191518602974,PASS
BRITANNIA,compounded_sales_growth,10,12.0,9.265752439203956,2.734247560796044,PASS
BRITANNIA,compounded_sales_growth,5,15.0,8.690023727476138,6.309976272523862,REVIEW
BRITANNIA,compounded_sales_growth,3,14.0,8.479583308976203,5.520416691023797,REVIEW
BRITANNIA,compounded_profit_growth,10,14.0,18.37492911445593,4.374929114455931,PASS
BRITANNIA,compounded_profit_growth,5,18.0,13.063515827454196,4.9364841725458035,PASS
BRITANNIA,compounded_profit_growth,3,16.0,4.856654873228505,11.143345126771495,REVIEW
BRITANNIA,stock_price_cagr,10,15.0,,,NOT_COMPARABLE
BRITANNIA,stock_price_cagr,5,20.0,,,NOT_COMPARABLE
BRITANNIA,stock_price_cagr,3,18.0,,,NOT_COMPARABLE
BRITANNIA,roe,10,18.0,54.14869322506978,36.14869322506978,REVIEW
BRITANNIA,roe,5,20.0,54.14869322506978,34.14869322506978,REVIEW
BRITANNIA,roe,3,22.0,54.14869322506978,32.14869322506978,REVIEW
VBL,compounded_sales_growth,10,12.0,,,NOT_COMPARABLE
VBL,compounded_sales_growth,5,15.0,,,NOT_COMPARABLE
VBL,compounded_sales_growth,3,14.0,,,NOT_COMPARABLE
VBL,compounded_profit_growth,10,14.0,,,NOT_COMPARABLE
VBL,compounded_profit_growth,5,18.0,,,NOT_COMPARABLE
VBL,compounded_profit_growth,3,16.0,,,NOT_COMPARABLE
VBL,stock_price_cagr,10,15.0,,,NOT_COMPARABLE
VBL,stock_price_cagr,5,20.0,,,NOT_COMPARABLE
VBL,stock_price_cagr,3,18.0,,,NOT_COMPARABLE
VBL,roe,10,18.0,,,NOT_COMPARABLE
VBL,roe,5,20.0,,,NOT_COMPARABLE
VBL,roe,3,22.0,,,NOT_COMPARABLE
BPCL,compounded_sales_growth,10,12.0,5.4159319078910695,6.5840680921089305,REVIEW
BPCL,compounded_sales_growth,5,15.0,8.483226324685255,6.516773675314745,REVIEW
BPCL,compounded_sales_growth,3,14.0,24.863629368132333,10.863629368132333,REVIEW
BPCL,compounded_profit_growth,10,14.0,20.817911347727637,6.817911347727637,REVIEW
BPCL,compounded_profit_growth,5,18.0,25.790698729746552,7.790698729746552,REVIEW
BPCL,compounded_profit_growth,3,16.0,15.748130122124548,0.25186987787545156,PASS
BPCL,stock_price_cagr,10,15.0,,,NOT_COMPARABLE
BPCL,stock_price_cagr,5,20.0,,,NOT_COMPARABLE
BPCL,stock_price_cagr,3,18.0,,,NOT_COMPARABLE
BPCL,roe,10,18.0,35.511337343822305,17.511337343822305,REVIEW
BPCL,roe,5,20.0,35.511337343822305,15.511337343822305,REVIEW
BPCL,roe,3,22.0,35.511337343822305,13.511337343822305,REVIEW
ULTRACEMCO,compounded_sales_growth,10,12.0,13.086195453490234,1.0861954534902338,PASS
ULTRACEMCO,compounded_sales_growth,5,15.0,11.329176790681373,3.670823209318627,PASS
ULTRACEMCO,compounded_sales_growth,3,14.0,16.60353732306259,2.6035373230625893,PASS
ULTRACEMCO,compounded_profit_growth,10,14.0,12.211268613797067,1.788731386202933,PASS
ULTRACEMCO,compounded_profit_growth,5,18.0,23.887354515179137,5.887354515179137,REVIEW
ULTRACEMCO,compounded_profit_growth,3,16.0,8.642098869214877,7.357901130785123,REVIEW
ULTRACEMCO,stock_price_cagr,10,15.0,,,NOT_COMPARABLE
ULTRACEMCO,stock_price_cagr,5,20.0,,,NOT_COMPARABLE
ULTRACEMCO,stock_price_cagr,3,18.0,,,NOT_COMPARABLE
ULTRACEMCO,roe,10,18.0,11.629142591485687,6.370857408514313,REVIEW
ULTRACEMCO,roe,5,20.0,11.629142591485687,8.370857408514313,REVIEW
ULTRACEMCO,roe,3,22.0,11.629142591485687,10.370857408514313,REVIEW
BAJAJHLDNG,compounded_sales_growth,10,12.0,14.937545587928923,2.9375455879289234,PASS
BAJAJHLDNG,compounded_sales_growth,5,15.0,31.612293448969165,16.612293448969165,REVIEW
BAJAJHLDNG,compounded_sales_growth,3,14.0,55.00574158769729,41.00574158769729,REVIEW
BAJAJHLDNG,compounded_profit_growth,10,14.0,13.992331678744474,0.007668321255525967,PASS
BAJAJHLDNG,compounded_profit_growth,5,18.0,19.297559063731295,1.2975590637312955,PASS
BAJAJHLDNG,compounded_profit_growth,3,16.0,26.318822706492305,10.318822706492305,REVIEW
BAJAJHLDNG,stock_price_cagr,10,15.0,,,NOT_COMPARABLE
BAJAJHLDNG,stock_price_cagr,5,20.0,,,NOT_COMPARABLE
BAJAJHLDNG,stock_price_cagr,3,18.0,,,NOT_COMPARABLE
BAJAJHLDNG,roe,10,18.0,13.576787656460265,4.423212343539735,PASS
BAJAJHLDNG,roe,5,20.0,13.576787656460265,6.423212343539735,REVIEW
BAJAJHLDNG,roe,3,22.0,13.576787656460265,8.423212343539735,REVIEW
TORNTPHARM,compounded_sales_growth,10,12.0,9.904998966029122,2.0950010339708776,PASS
TORNTPHARM,compounded_sales_growth,5,15.0,6.932744476678732,8.067255523321268,REVIEW
TORNTPHARM,compounded_sales_growth,3,14.0,10.251830698592634,3.7481693014073656,PASS
TORNTPHARM,compounded_profit_growth,10,14.0,9.569385326916846,4.430614673083154,PASS
TORNTPHARM,compounded_profit_growth,5,18.0,30.591457402327848,12.591457402327848,REVIEW
TORNTPHARM,compounded_profit_growth,3,16.0,9.770422181784767,6.229577818215233,REVIEW
TORNTPHARM,stock_price_cagr,10,15.0,,,NOT_COMPARABLE
TORNTPHARM,stock_price_cagr,5,20.0,,,NOT_COMPARABLE
TORNTPHARM,stock_price_cagr,3,18.0,,,NOT_COMPARABLE
TORNTPHARM,roe,10,18.0,24.154025670945156,6.154025670945156,REVIEW
TORNTPHARM,roe,5,20.0,24.154025670945156,4.154025670945156,PASS
TORNTPHARM,roe,3,22.0,24.154025670945156,2.154025670945156,PASS
TATAPOWER,compounded_sales_growth,10,12.0,5.573043704303959,6.426956295696041,REVIEW
TATAPOWER,compounded_sales_growth,5,15.0,15.511158201876407,0.5111582018764071,PASS
TATAPOWER,compounded_sales_growth,3,14.0,23.398271146138306,9.398271146138306,REVIEW
TATAPOWER,compounded_profit_growth,10,14.0,79.98083083658562,65.98083083658562,REVIEW
TATAPOWER,compounded_profit_growth,5,18.0,10.431728917459004,7.568271082540996,REVIEW
TATAPOWER,compounded_profit_growth,3,16.0,43.81173474053719,27.81173474053719,REVIEW
TATAPOWER,stock_price_cagr,10,15.0,,,NOT_COMPARABLE
TATAPOWER,stock_price_cagr,5,20.0,,,NOT_COMPARABLE
TATAPOWER,stock_price_cagr,3,18.0,,,NOT_COMPARABLE
TATAPOWER,roe,10,18.0,13.227840276919272,4.772159723080728,PASS
TATAPOWER,roe,5,20.0,13.227840276919272,6.772159723080728,REVIEW
TATAPOWER,roe,3,22.0,13.227840276919272,8.772159723080728,REVIEW
HINDALCO,compounded_sales_growth,10,12.0,9.43097050230084,2.5690294976991606,PASS
HINDALCO,compounded_sales_growth,5,15.0,10.592433818985914,4.4075661810140865,PASS
HINDALCO,compounded_sales_growth,3,14.0,17.830855223435172,3.8308552234351723,PASS
HINDALCO,compounded_profit_growth,10,14.0,16.553290877299798,2.5532908772997978,PASS
HINDALCO,compounded_profit_growth,5,18.0,13.06871230695661,4.931287693043391,PASS
HINDALCO,compounded_profit_growth,3,16.0,42.85939867649064,26.859398676490642,REVIEW
HINDALCO,stock_price_cagr,10,15.0,,,NOT_COMPARABLE
HINDALCO,stock_price_cagr,5,20.0,,,NOT_COMPARABLE
HINDALCO,stock_price_cagr,3,18.0,,,NOT_COMPARABLE
HINDALCO,roe,10,18.0,9.567011474761177,8.432988525238823,REVIEW
HINDALCO,roe,5,20.0,9.567011474761177,10.432988525238823,REVIEW
HINDALCO,roe,3,22.0,9.567011474761177,12.432988525238823,REVIEW
POWERGRID,compounded_sales_growth,10,12.0,11.414137221548938,0.5858627784510624,PASS
POWERGRID,compounded_sales_growth,5,15.0,5.510261937513361,9.489738062486639,REVIEW
POWERGRID,compounded_sales_growth,3,14.0,4.965471644662767,9.034528355337233,REVIEW
POWERGRID,compounded_profit_growth,10,14.0,13.098067118120916,0.9019328818790839,PASS
POWERGRID,compounded_profit_growth,5,18.0,9.189188268434778,8.810811731565222,REVIEW
POWERGRID,compounded_profit_growth,3,16.0,8.967428329021487,7.032571670978513,REVIEW
POWERGRID,stock_price_cagr,10,15.0,,,NOT_COMPARABLE
POWERGRID,stock_price_cagr,5,20.0,,,NOT_COMPARABLE
POWERGRID,stock_price_cagr,3,18.0,,,NOT_COMPARABLE
POWERGRID,roe,10,18.0,17.870011245496066,0.129988754503934,PASS
POWERGRID,roe,5,20.0,17.870011245496066,2.129988754503934,PASS
POWERGRID,roe,3,22.0,17.870011245496066,4.129988754503934,PASS
M&M,compounded_sales_growth,10,12.0,6.512869476923022,5.487130523076978,REVIEW
M&M,compounded_sales_growth,5,15.0,5.838805854237616,9.161194145762384,REVIEW
M&M,compounded_sales_growth,3,14.0,23.253542874034295,9.253542874034295,REVIEW
M&M,compounded_profit_growth,10,14.0,9.061135444778024,4.938864555221976,PASS
M&M,compounded_profit_growth,5,18.0,15.316887061047968,2.683112938952032,PASS
M&M,compounded_profit_growth,3,16.0,100.95443275430912,84.95443275430912,REVIEW
M&M,stock_price_cagr,10,15.0,,,NOT_COMPARABLE
M&M,stock_price_cagr,5,20.0,,,NOT_COMPARABLE
M&M,stock_price_cagr,3,18.0,,,NOT_COMPARABLE
M&M,roe,10,18.0,18.537543435564285,0.5375434355642845,PASS
M&M,roe,5,20.0,18.537543435564285,1.4624565644357155,PASS
M&M,roe,3,22.0,18.537543435564285,3.4624565644357155,PASS
TMCV,compounded_sales_growth,10,12.0,,,NOT_COMPARABLE
TMCV,compounded_sales_growth,5,15.0,,,NOT_COMPARABLE
TMCV,compounded_sales_growth,3,14.0,-0.89710841604973,14.89710841604973,REVIEW
TMCV,compounded_profit_growth,10,14.0,,,NOT_COMPARABLE
TMCV,compounded_profit_growth,5,18.0,,,NOT_COMPARABLE
TMCV,compounded_profit_growth,3,16.0,7.6610563788142905,8.33894362118571,REVIEW
TMCV,stock_price_cagr,10,15.0,,,NOT_COMPARABLE
TMCV,stock_price_cagr,5,20.0,,,NOT_COMPARABLE
TMCV,stock_price_cagr,3,18.0,,,NOT_COMPARABLE
TMCV,roe,10,18.0,59.34967388412279,41.34967388412279,REVIEW
TMCV,roe,5,20.0,59.34967388412279,39.34967388412279,REVIEW
TMCV,roe,3,22.0,59.34967388412279,37.34967388412279,REVIEW
GRASIM,compounded_sales_growth,10,12.0,16.544999689655548,4.544999689655548,PASS
GRASIM,compounded_sales_growth,5,15.0,11.15172597339149,3.848274026608509,PASS
GRASIM,compounded_sales_growth,3,14.0,19.68160909363319,5.681609093633192,REVIEW
GRASIM,compounded_profit_growth,10,14.0,12.885036563882046,1.1149634361179537,PASS
GRASIM,compounded_profit_growth,5,18.0,29.314249729328566,11.314249729328566,REVIEW
GRASIM,compounded_profit_growth,3,16.0,12.415926079345653,3.5840739206543475,PASS
GRASIM,stock_price_cagr,10,15.0,,,NOT_COMPARABLE
GRASIM,stock_price_cagr,5,20.0,,,NOT_COMPARABLE
GRASIM,stock_price_cagr,3,18.0,,,NOT_COMPARABLE
GRASIM,roe,10,18.0,11.196462612658342,6.803537387341658,REVIEW
GRASIM,roe,5,20.0,11.196462612658342,8.803537387341658,REVIEW
GRASIM,roe,3,22.0,11.196462612658342,10.803537387341658,REVIEW
ITC,compounded_sales_growth,10,12.0,7.215836991741997,4.784163008258003,PASS
ITC,compounded_sales_growth,5,15.0,7.950896846254429,7.049103153745571,REVIEW
ITC,compounded_sales_growth,3,14.0,12.890307004910628,1.1096929950893717,PASS
ITC,compounded_profit_growth,10,14.0,8.711334464026654,5.288665535973346,REVIEW
ITC,compounded_profit_growth,5,18.0,10.083407558317958,7.916592441682042,REVIEW
ITC,compounded_profit_growth,3,16.0,15.743119736566346,0.2568802634336542,PASS
ITC,stock_price_cagr,10,15.0,,,NOT_COMPARABLE
ITC,stock_price_cagr,5,20.0,,,NOT_COMPARABLE
ITC,stock_price_cagr,3,18.0,,,NOT_COMPARABLE
ITC,roe,10,18.0,27.851074395694365,9.851074395694365,REVIEW
ITC,roe,5,20.0,27.851074395694365,7.851074395694365,REVIEW
ITC,roe,3,22.0,27.851074395694365,5.851074395694365,REVIEW
